# Elliot - believable low-poly NPC Package prototype
# Units: metres. Up axis: Z. Front: -Y.
mtllib elliot.mtl

o shoe_L
usemtl shoes
s 1
v -0.212000 -0.205000 0.010000
v -0.022000 -0.205000 0.010000
v -0.022000 0.135000 0.010000
v -0.212000 0.135000 0.010000
v -0.212000 -0.205000 0.140000
v -0.022000 -0.205000 0.140000
v -0.022000 0.135000 0.140000
v -0.212000 0.135000 0.140000
f 1 3 2
f 1 4 3
f 5 6 7
f 5 7 8
f 1 2 6
f 1 6 5
f 2 3 7
f 2 7 6
f 3 4 8
f 3 8 7
f 4 1 5
f 4 5 8

o sole_L
usemtl sole
s 1
v -0.214500 -0.210000 0.007500
v -0.019500 -0.210000 0.007500
v -0.019500 0.140000 0.007500
v -0.214500 0.140000 0.007500
v -0.214500 -0.210000 0.042500
v -0.019500 -0.210000 0.042500
v -0.019500 0.140000 0.042500
v -0.214500 0.140000 0.042500
f 9 11 10
f 9 12 11
f 13 14 15
f 13 15 16
f 9 10 14
f 9 14 13
f 10 11 15
f 10 15 14
f 11 12 16
f 11 16 15
f 12 9 13
f 12 13 16

o shin_L
usemtl trousers
s 1
v -0.179996 0.000000 0.140733
v -0.169942 -0.037494 0.141332
v -0.142486 -0.064941 0.141574
v -0.104986 -0.074987 0.141395
v -0.067490 -0.064941 0.140842
v -0.040044 -0.037494 0.140063
v -0.030004 -0.000000 0.139267
v -0.040058 0.037494 0.138668
v -0.067514 0.064941 0.138426
v -0.105014 0.074987 0.138605
v -0.142510 0.064941 0.139158
v -0.169956 0.037494 0.139937
v -0.192796 0.008000 0.570899
v -0.180462 -0.037992 0.571634
v -0.146783 -0.071661 0.571931
v -0.100783 -0.083984 0.571711
v -0.054788 -0.071661 0.571033
v -0.021121 -0.037992 0.570077
v -0.008804 0.008000 0.569101
v -0.021138 0.053992 0.568366
v -0.054817 0.087661 0.568069
v -0.100817 0.099984 0.568289
v -0.146812 0.087661 0.568967
v -0.180479 0.053992 0.569923
v -0.105000 0.000000 0.140000
v -0.100800 0.008000 0.570000
f 17 18 29
f 18 30 29
f 41 17 18
f 42 30 29
f 18 19 30
f 19 31 30
f 41 18 19
f 42 31 30
f 19 20 31
f 20 32 31
f 41 19 20
f 42 32 31
f 20 21 32
f 21 33 32
f 41 20 21
f 42 33 32
f 21 22 33
f 22 34 33
f 41 21 22
f 42 34 33
f 22 23 34
f 23 35 34
f 41 22 23
f 42 35 34
f 23 24 35
f 24 36 35
f 41 23 24
f 42 36 35
f 24 25 36
f 25 37 36
f 41 24 25
f 42 37 36
f 25 26 37
f 26 38 37
f 41 25 26
f 42 38 37
f 26 27 38
f 27 39 38
f 41 26 27
f 42 39 38
f 27 28 39
f 28 40 39
f 41 27 28
f 42 40 39
f 28 17 40
f 17 29 40
f 41 28 17
f 42 29 40

o knee_L
usemtl trousers
s 1
v -0.100800 0.008000 0.700000
v -0.100800 0.008000 0.700000
v -0.100800 0.008000 0.700000
v -0.100800 0.008000 0.700000
v -0.100800 0.008000 0.700000
v -0.100800 0.008000 0.700000
v -0.100800 0.008000 0.700000
v -0.100800 0.008000 0.700000
v -0.100800 0.008000 0.700000
v -0.100800 0.008000 0.700000
v -0.100800 0.008000 0.700000
v -0.100800 0.008000 0.700000
v -0.065593 0.008000 0.691627
v -0.070310 0.025221 0.691627
v -0.083197 0.037827 0.691627
v -0.100800 0.042442 0.691627
v -0.118403 0.037827 0.691627
v -0.131290 0.025221 0.691627
v -0.136007 0.008000 0.691627
v -0.131290 -0.009221 0.691627
v -0.118403 -0.021827 0.691627
v -0.100800 -0.026442 0.691627
v -0.083197 -0.021827 0.691627
v -0.070310 -0.009221 0.691627
v -0.035746 0.008000 0.667782
v -0.044462 0.039820 0.667782
v -0.068273 0.063114 0.667782
v -0.100800 0.071640 0.667782
v -0.133327 0.063114 0.667782
v -0.157138 0.039820 0.667782
v -0.165854 0.008000 0.667782
v -0.157138 -0.023820 0.667782
v -0.133327 -0.047114 0.667782
v -0.100800 -0.055640 0.667782
v -0.068273 -0.047114 0.667782
v -0.044462 -0.023820 0.667782
v -0.015803 0.008000 0.632095
v -0.027191 0.049575 0.632095
v -0.058302 0.080009 0.632095
v -0.100800 0.091149 0.632095
v -0.143298 0.080009 0.632095
v -0.174409 0.049575 0.632095
v -0.185797 0.008000 0.632095
v -0.174409 -0.033575 0.632095
v -0.143298 -0.064009 0.632095
v -0.100800 -0.075149 0.632095
v -0.058302 -0.064009 0.632095
v -0.027191 -0.033575 0.632095
v -0.008800 0.008000 0.590000
v -0.021126 0.053000 0.590000
v -0.054800 0.085942 0.590000
v -0.100800 0.098000 0.590000
v -0.146800 0.085942 0.590000
v -0.180474 0.053000 0.590000
v -0.192800 0.008000 0.590000
v -0.180474 -0.037000 0.590000
v -0.146800 -0.069942 0.590000
v -0.100800 -0.082000 0.590000
v -0.054800 -0.069942 0.590000
v -0.021126 -0.037000 0.590000
v -0.015803 0.008000 0.547905
v -0.027191 0.049575 0.547905
v -0.058302 0.080009 0.547905
v -0.100800 0.091149 0.547905
v -0.143298 0.080009 0.547905
v -0.174409 0.049575 0.547905
v -0.185797 0.008000 0.547905
v -0.174409 -0.033575 0.547905
v -0.143298 -0.064009 0.547905
v -0.100800 -0.075149 0.547905
v -0.058302 -0.064009 0.547905
v -0.027191 -0.033575 0.547905
v -0.035746 0.008000 0.512218
v -0.044462 0.039820 0.512218
v -0.068273 0.063114 0.512218
v -0.100800 0.071640 0.512218
v -0.133327 0.063114 0.512218
v -0.157138 0.039820 0.512218
v -0.165854 0.008000 0.512218
v -0.157138 -0.023820 0.512218
v -0.133327 -0.047114 0.512218
v -0.100800 -0.055640 0.512218
v -0.068273 -0.047114 0.512218
v -0.044462 -0.023820 0.512218
v -0.065593 0.008000 0.488373
v -0.070310 0.025221 0.488373
v -0.083197 0.037827 0.488373
v -0.100800 0.042442 0.488373
v -0.118403 0.037827 0.488373
v -0.131290 0.025221 0.488373
v -0.136007 0.008000 0.488373
v -0.131290 -0.009221 0.488373
v -0.118403 -0.021827 0.488373
v -0.100800 -0.026442 0.488373
v -0.083197 -0.021827 0.488373
v -0.070310 -0.009221 0.488373
v -0.100800 0.008000 0.480000
v -0.100800 0.008000 0.480000
v -0.100800 0.008000 0.480000
v -0.100800 0.008000 0.480000
v -0.100800 0.008000 0.480000
v -0.100800 0.008000 0.480000
v -0.100800 0.008000 0.480000
v -0.100800 0.008000 0.480000
v -0.100800 0.008000 0.480000
v -0.100800 0.008000 0.480000
v -0.100800 0.008000 0.480000
v -0.100800 0.008000 0.480000
f 44 56 55
f 45 57 56
f 46 58 57
f 47 59 58
f 48 60 59
f 49 61 60
f 50 62 61
f 51 63 62
f 52 64 63
f 53 65 64
f 54 66 65
f 43 55 66
f 55 56 67
f 56 68 67
f 56 57 68
f 57 69 68
f 57 58 69
f 58 70 69
f 58 59 70
f 59 71 70
f 59 60 71
f 60 72 71
f 60 61 72
f 61 73 72
f 61 62 73
f 62 74 73
f 62 63 74
f 63 75 74
f 63 64 75
f 64 76 75
f 64 65 76
f 65 77 76
f 65 66 77
f 66 78 77
f 66 55 78
f 55 67 78
f 67 68 79
f 68 80 79
f 68 69 80
f 69 81 80
f 69 70 81
f 70 82 81
f 70 71 82
f 71 83 82
f 71 72 83
f 72 84 83
f 72 73 84
f 73 85 84
f 73 74 85
f 74 86 85
f 74 75 86
f 75 87 86
f 75 76 87
f 76 88 87
f 76 77 88
f 77 89 88
f 77 78 89
f 78 90 89
f 78 67 90
f 67 79 90
f 79 80 91
f 80 92 91
f 80 81 92
f 81 93 92
f 81 82 93
f 82 94 93
f 82 83 94
f 83 95 94
f 83 84 95
f 84 96 95
f 84 85 96
f 85 97 96
f 85 86 97
f 86 98 97
f 86 87 98
f 87 99 98
f 87 88 99
f 88 100 99
f 88 89 100
f 89 101 100
f 89 90 101
f 90 102 101
f 90 79 102
f 79 91 102
f 91 92 103
f 92 104 103
f 92 93 104
f 93 105 104
f 93 94 105
f 94 106 105
f 94 95 106
f 95 107 106
f 95 96 107
f 96 108 107
f 96 97 108
f 97 109 108
f 97 98 109
f 98 110 109
f 98 99 110
f 99 111 110
f 99 100 111
f 100 112 111
f 100 101 112
f 101 113 112
f 101 102 113
f 102 114 113
f 102 91 114
f 91 103 114
f 103 104 115
f 104 116 115
f 104 105 116
f 105 117 116
f 105 106 117
f 106 118 117
f 106 107 118
f 107 119 118
f 107 108 119
f 108 120 119
f 108 109 120
f 109 121 120
f 109 110 121
f 110 122 121
f 110 111 122
f 111 123 122
f 111 112 123
f 112 124 123
f 112 113 124
f 113 125 124
f 113 114 125
f 114 126 125
f 114 103 126
f 103 115 126
f 115 116 127
f 116 128 127
f 116 117 128
f 117 129 128
f 117 118 129
f 118 130 129
f 118 119 130
f 119 131 130
f 119 120 131
f 120 132 131
f 120 121 132
f 121 133 132
f 121 122 133
f 122 134 133
f 122 123 134
f 123 135 134
f 123 124 135
f 124 136 135
f 124 125 136
f 125 137 136
f 125 126 137
f 126 138 137
f 126 115 138
f 115 127 138
f 127 128 139
f 128 129 140
f 129 130 141
f 130 131 142
f 131 132 143
f 132 133 144
f 133 134 145
f 134 135 146
f 135 136 147
f 136 137 148
f 137 138 149
f 138 127 150

o thigh_L
usemtl trousers
s 1
v -0.212793 0.008000 0.611271
v -0.197802 -0.047987 0.609891
v -0.156820 -0.088972 0.608539
v -0.100827 -0.103974 0.607579
v -0.044827 -0.088972 0.607268
v -0.003825 -0.047987 0.607689
v 0.011193 0.008000 0.608729
v -0.003798 0.063987 0.610109
v -0.044780 0.104972 0.611461
v -0.100773 0.119974 0.612421
v -0.156773 0.104972 0.612732
v -0.197775 0.063987 0.612311
v -0.241591 0.000000 0.981646
v -0.222183 -0.072483 0.979858
v -0.169126 -0.125544 0.978109
v -0.096636 -0.144966 0.976866
v -0.024135 -0.125544 0.976463
v 0.028948 -0.072483 0.977008
v 0.048391 -0.000000 0.978354
v 0.028983 0.072483 0.980142
v -0.024074 0.125544 0.981891
v -0.096564 0.144966 0.983134
v -0.169065 0.125544 0.983537
v -0.222148 0.072483 0.982992
v -0.100800 0.008000 0.610000
v -0.096600 0.000000 0.980000
f 151 152 163
f 152 164 163
f 175 151 152
f 176 164 163
f 152 153 164
f 153 165 164
f 175 152 153
f 176 165 164
f 153 154 165
f 154 166 165
f 175 153 154
f 176 166 165
f 154 155 166
f 155 167 166
f 175 154 155
f 176 167 166
f 155 156 167
f 156 168 167
f 175 155 156
f 176 168 167
f 156 157 168
f 157 169 168
f 175 156 157
f 176 169 168
f 157 158 169
f 158 170 169
f 175 157 158
f 176 170 169
f 158 159 170
f 159 171 170
f 175 158 159
f 176 171 170
f 159 160 171
f 160 172 171
f 175 159 160
f 176 172 171
f 160 161 172
f 161 173 172
f 175 160 161
f 176 173 172
f 161 162 173
f 162 174 173
f 175 161 162
f 176 174 173
f 162 151 174
f 151 163 174
f 175 162 151
f 176 163 174

o shoe_R
usemtl shoes
s 1
v 0.022000 -0.205000 0.010000
v 0.212000 -0.205000 0.010000
v 0.212000 0.135000 0.010000
v 0.022000 0.135000 0.010000
v 0.022000 -0.205000 0.140000
v 0.212000 -0.205000 0.140000
v 0.212000 0.135000 0.140000
v 0.022000 0.135000 0.140000
f 177 179 178
f 177 180 179
f 181 182 183
f 181 183 184
f 177 178 182
f 177 182 181
f 178 179 183
f 178 183 182
f 179 180 184
f 179 184 183
f 180 177 181
f 180 181 184

o sole_R
usemtl sole
s 1
v 0.019500 -0.210000 0.007500
v 0.214500 -0.210000 0.007500
v 0.214500 0.140000 0.007500
v 0.019500 0.140000 0.007500
v 0.019500 -0.210000 0.042500
v 0.214500 -0.210000 0.042500
v 0.214500 0.140000 0.042500
v 0.019500 0.140000 0.042500
f 185 187 186
f 185 188 187
f 189 190 191
f 189 191 192
f 185 186 190
f 185 190 189
f 186 187 191
f 186 191 190
f 187 188 192
f 187 192 191
f 188 185 189
f 188 189 192

o shin_R
usemtl trousers
s 1
v 0.030004 0.000000 0.139267
v 0.040044 -0.037494 0.140063
v 0.067490 -0.064941 0.140842
v 0.104986 -0.074987 0.141395
v 0.142486 -0.064941 0.141574
v 0.169942 -0.037494 0.141332
v 0.179996 -0.000000 0.140733
v 0.169956 0.037494 0.139937
v 0.142510 0.064941 0.139158
v 0.105014 0.074987 0.138605
v 0.067514 0.064941 0.138426
v 0.040058 0.037494 0.138668
v 0.008804 0.008000 0.569101
v 0.021121 -0.037992 0.570077
v 0.054788 -0.071661 0.571033
v 0.100783 -0.083984 0.571711
v 0.146783 -0.071661 0.571931
v 0.180462 -0.037992 0.571634
v 0.192796 0.008000 0.570899
v 0.180479 0.053992 0.569923
v 0.146812 0.087661 0.568967
v 0.100817 0.099984 0.568289
v 0.054817 0.087661 0.568069
v 0.021138 0.053992 0.568366
v 0.105000 0.000000 0.140000
v 0.100800 0.008000 0.570000
f 193 194 205
f 194 206 205
f 217 193 194
f 218 206 205
f 194 195 206
f 195 207 206
f 217 194 195
f 218 207 206
f 195 196 207
f 196 208 207
f 217 195 196
f 218 208 207
f 196 197 208
f 197 209 208
f 217 196 197
f 218 209 208
f 197 198 209
f 198 210 209
f 217 197 198
f 218 210 209
f 198 199 210
f 199 211 210
f 217 198 199
f 218 211 210
f 199 200 211
f 200 212 211
f 217 199 200
f 218 212 211
f 200 201 212
f 201 213 212
f 217 200 201
f 218 213 212
f 201 202 213
f 202 214 213
f 217 201 202
f 218 214 213
f 202 203 214
f 203 215 214
f 217 202 203
f 218 215 214
f 203 204 215
f 204 216 215
f 217 203 204
f 218 216 215
f 204 193 216
f 193 205 216
f 217 204 193
f 218 205 216

o knee_R
usemtl trousers
s 1
v 0.100800 0.008000 0.700000
v 0.100800 0.008000 0.700000
v 0.100800 0.008000 0.700000
v 0.100800 0.008000 0.700000
v 0.100800 0.008000 0.700000
v 0.100800 0.008000 0.700000
v 0.100800 0.008000 0.700000
v 0.100800 0.008000 0.700000
v 0.100800 0.008000 0.700000
v 0.100800 0.008000 0.700000
v 0.100800 0.008000 0.700000
v 0.100800 0.008000 0.700000
v 0.136007 0.008000 0.691627
v 0.131290 0.025221 0.691627
v 0.118403 0.037827 0.691627
v 0.100800 0.042442 0.691627
v 0.083197 0.037827 0.691627
v 0.070310 0.025221 0.691627
v 0.065593 0.008000 0.691627
v 0.070310 -0.009221 0.691627
v 0.083197 -0.021827 0.691627
v 0.100800 -0.026442 0.691627
v 0.118403 -0.021827 0.691627
v 0.131290 -0.009221 0.691627
v 0.165854 0.008000 0.667782
v 0.157138 0.039820 0.667782
v 0.133327 0.063114 0.667782
v 0.100800 0.071640 0.667782
v 0.068273 0.063114 0.667782
v 0.044462 0.039820 0.667782
v 0.035746 0.008000 0.667782
v 0.044462 -0.023820 0.667782
v 0.068273 -0.047114 0.667782
v 0.100800 -0.055640 0.667782
v 0.133327 -0.047114 0.667782
v 0.157138 -0.023820 0.667782
v 0.185797 0.008000 0.632095
v 0.174409 0.049575 0.632095
v 0.143298 0.080009 0.632095
v 0.100800 0.091149 0.632095
v 0.058302 0.080009 0.632095
v 0.027191 0.049575 0.632095
v 0.015803 0.008000 0.632095
v 0.027191 -0.033575 0.632095
v 0.058302 -0.064009 0.632095
v 0.100800 -0.075149 0.632095
v 0.143298 -0.064009 0.632095
v 0.174409 -0.033575 0.632095
v 0.192800 0.008000 0.590000
v 0.180474 0.053000 0.590000
v 0.146800 0.085942 0.590000
v 0.100800 0.098000 0.590000
v 0.054800 0.085942 0.590000
v 0.021126 0.053000 0.590000
v 0.008800 0.008000 0.590000
v 0.021126 -0.037000 0.590000
v 0.054800 -0.069942 0.590000
v 0.100800 -0.082000 0.590000
v 0.146800 -0.069942 0.590000
v 0.180474 -0.037000 0.590000
v 0.185797 0.008000 0.547905
v 0.174409 0.049575 0.547905
v 0.143298 0.080009 0.547905
v 0.100800 0.091149 0.547905
v 0.058302 0.080009 0.547905
v 0.027191 0.049575 0.547905
v 0.015803 0.008000 0.547905
v 0.027191 -0.033575 0.547905
v 0.058302 -0.064009 0.547905
v 0.100800 -0.075149 0.547905
v 0.143298 -0.064009 0.547905
v 0.174409 -0.033575 0.547905
v 0.165854 0.008000 0.512218
v 0.157138 0.039820 0.512218
v 0.133327 0.063114 0.512218
v 0.100800 0.071640 0.512218
v 0.068273 0.063114 0.512218
v 0.044462 0.039820 0.512218
v 0.035746 0.008000 0.512218
v 0.044462 -0.023820 0.512218
v 0.068273 -0.047114 0.512218
v 0.100800 -0.055640 0.512218
v 0.133327 -0.047114 0.512218
v 0.157138 -0.023820 0.512218
v 0.136007 0.008000 0.488373
v 0.131290 0.025221 0.488373
v 0.118403 0.037827 0.488373
v 0.100800 0.042442 0.488373
v 0.083197 0.037827 0.488373
v 0.070310 0.025221 0.488373
v 0.065593 0.008000 0.488373
v 0.070310 -0.009221 0.488373
v 0.083197 -0.021827 0.488373
v 0.100800 -0.026442 0.488373
v 0.118403 -0.021827 0.488373
v 0.131290 -0.009221 0.488373
v 0.100800 0.008000 0.480000
v 0.100800 0.008000 0.480000
v 0.100800 0.008000 0.480000
v 0.100800 0.008000 0.480000
v 0.100800 0.008000 0.480000
v 0.100800 0.008000 0.480000
v 0.100800 0.008000 0.480000
v 0.100800 0.008000 0.480000
v 0.100800 0.008000 0.480000
v 0.100800 0.008000 0.480000
v 0.100800 0.008000 0.480000
v 0.100800 0.008000 0.480000
f 220 232 231
f 221 233 232
f 222 234 233
f 223 235 234
f 224 236 235
f 225 237 236
f 226 238 237
f 227 239 238
f 228 240 239
f 229 241 240
f 230 242 241
f 219 231 242
f 231 232 243
f 232 244 243
f 232 233 244
f 233 245 244
f 233 234 245
f 234 246 245
f 234 235 246
f 235 247 246
f 235 236 247
f 236 248 247
f 236 237 248
f 237 249 248
f 237 238 249
f 238 250 249
f 238 239 250
f 239 251 250
f 239 240 251
f 240 252 251
f 240 241 252
f 241 253 252
f 241 242 253
f 242 254 253
f 242 231 254
f 231 243 254
f 243 244 255
f 244 256 255
f 244 245 256
f 245 257 256
f 245 246 257
f 246 258 257
f 246 247 258
f 247 259 258
f 247 248 259
f 248 260 259
f 248 249 260
f 249 261 260
f 249 250 261
f 250 262 261
f 250 251 262
f 251 263 262
f 251 252 263
f 252 264 263
f 252 253 264
f 253 265 264
f 253 254 265
f 254 266 265
f 254 243 266
f 243 255 266
f 255 256 267
f 256 268 267
f 256 257 268
f 257 269 268
f 257 258 269
f 258 270 269
f 258 259 270
f 259 271 270
f 259 260 271
f 260 272 271
f 260 261 272
f 261 273 272
f 261 262 273
f 262 274 273
f 262 263 274
f 263 275 274
f 263 264 275
f 264 276 275
f 264 265 276
f 265 277 276
f 265 266 277
f 266 278 277
f 266 255 278
f 255 267 278
f 267 268 279
f 268 280 279
f 268 269 280
f 269 281 280
f 269 270 281
f 270 282 281
f 270 271 282
f 271 283 282
f 271 272 283
f 272 284 283
f 272 273 284
f 273 285 284
f 273 274 285
f 274 286 285
f 274 275 286
f 275 287 286
f 275 276 287
f 276 288 287
f 276 277 288
f 277 289 288
f 277 278 289
f 278 290 289
f 278 267 290
f 267 279 290
f 279 280 291
f 280 292 291
f 280 281 292
f 281 293 292
f 281 282 293
f 282 294 293
f 282 283 294
f 283 295 294
f 283 284 295
f 284 296 295
f 284 285 296
f 285 297 296
f 285 286 297
f 286 298 297
f 286 287 298
f 287 299 298
f 287 288 299
f 288 300 299
f 288 289 300
f 289 301 300
f 289 290 301
f 290 302 301
f 290 279 302
f 279 291 302
f 291 292 303
f 292 304 303
f 292 293 304
f 293 305 304
f 293 294 305
f 294 306 305
f 294 295 306
f 295 307 306
f 295 296 307
f 296 308 307
f 296 297 308
f 297 309 308
f 297 298 309
f 298 310 309
f 298 299 310
f 299 311 310
f 299 300 311
f 300 312 311
f 300 301 312
f 301 313 312
f 301 302 313
f 302 314 313
f 302 291 314
f 291 303 314
f 303 304 315
f 304 305 316
f 305 306 317
f 306 307 318
f 307 308 319
f 308 309 320
f 309 310 321
f 310 311 322
f 311 312 323
f 312 313 324
f 313 314 325
f 314 303 326

o thigh_R
usemtl trousers
s 1
v -0.011193 0.008000 0.608729
v 0.003825 -0.047987 0.607689
v 0.044827 -0.088972 0.607268
v 0.100827 -0.103974 0.607579
v 0.156820 -0.088972 0.608539
v 0.197802 -0.047987 0.609891
v 0.212793 0.008000 0.611271
v 0.197775 0.063987 0.612311
v 0.156773 0.104972 0.612732
v 0.100773 0.119974 0.612421
v 0.044780 0.104972 0.611461
v 0.003798 0.063987 0.610109
v -0.048391 0.000000 0.978354
v -0.028948 -0.072483 0.977008
v 0.024135 -0.125544 0.976463
v 0.096636 -0.144966 0.976866
v 0.169126 -0.125544 0.978109
v 0.222183 -0.072483 0.979858
v 0.241591 -0.000000 0.981646
v 0.222148 0.072483 0.982992
v 0.169065 0.125544 0.983537
v 0.096564 0.144966 0.983134
v 0.024074 0.125544 0.981891
v -0.028983 0.072483 0.980142
v 0.100800 0.008000 0.610000
v 0.096600 0.000000 0.980000
f 327 328 339
f 328 340 339
f 351 327 328
f 352 340 339
f 328 329 340
f 329 341 340
f 351 328 329
f 352 341 340
f 329 330 341
f 330 342 341
f 351 329 330
f 352 342 341
f 330 331 342
f 331 343 342
f 351 330 331
f 352 343 342
f 331 332 343
f 332 344 343
f 351 331 332
f 352 344 343
f 332 333 344
f 333 345 344
f 351 332 333
f 352 345 344
f 333 334 345
f 334 346 345
f 351 333 334
f 352 346 345
f 334 335 346
f 335 347 346
f 351 334 335
f 352 347 346
f 335 336 347
f 336 348 347
f 351 335 336
f 352 348 347
f 336 337 348
f 337 349 348
f 351 336 337
f 352 349 348
f 337 338 349
f 338 350 349
f 351 337 338
f 352 350 349
f 338 327 350
f 327 339 350
f 351 338 327
f 352 339 350

o hips
usemtl trousers
s 1
v 0.200000 0.000000 0.880000
v 0.184776 0.053576 0.880000
v 0.141421 0.098995 0.880000
v 0.076537 0.129343 0.880000
v 0.000000 0.140000 0.880000
v -0.076537 0.129343 0.880000
v -0.141421 0.098995 0.880000
v -0.184776 0.053576 0.880000
v -0.200000 0.000000 0.880000
v -0.184776 -0.053576 0.880000
v -0.141421 -0.098995 0.880000
v -0.076537 -0.129343 0.880000
v -0.000000 -0.140000 0.880000
v 0.076537 -0.129343 0.880000
v 0.141421 -0.098995 0.880000
v 0.184776 -0.053576 0.880000
v 0.220000 0.000000 1.060000
v 0.203253 0.057403 1.060000
v 0.155563 0.106066 1.060000
v 0.084190 0.138582 1.060000
v 0.000000 0.150000 1.060000
v -0.084190 0.138582 1.060000
v -0.155563 0.106066 1.060000
v -0.203253 0.057403 1.060000
v -0.220000 0.000000 1.060000
v -0.203253 -0.057403 1.060000
v -0.155563 -0.106066 1.060000
v -0.084190 -0.138582 1.060000
v -0.000000 -0.150000 1.060000
v 0.084190 -0.138582 1.060000
v 0.155563 -0.106066 1.060000
v 0.203253 -0.057403 1.060000
v 0.000000 0.000000 0.880000
v 0.000000 0.000000 1.060000
f 353 354 369
f 354 370 369
f 385 354 353
f 386 369 370
f 354 355 370
f 355 371 370
f 385 355 354
f 386 370 371
f 355 356 371
f 356 372 371
f 385 356 355
f 386 371 372
f 356 357 372
f 357 373 372
f 385 357 356
f 386 372 373
f 357 358 373
f 358 374 373
f 385 358 357
f 386 373 374
f 358 359 374
f 359 375 374
f 385 359 358
f 386 374 375
f 359 360 375
f 360 376 375
f 385 360 359
f 386 375 376
f 360 361 376
f 361 377 376
f 385 361 360
f 386 376 377
f 361 362 377
f 362 378 377
f 385 362 361
f 386 377 378
f 362 363 378
f 363 379 378
f 385 363 362
f 386 378 379
f 363 364 379
f 364 380 379
f 385 364 363
f 386 379 380
f 364 365 380
f 365 381 380
f 385 365 364
f 386 380 381
f 365 366 381
f 366 382 381
f 385 366 365
f 386 381 382
f 366 367 382
f 367 383 382
f 385 367 366
f 386 382 383
f 367 368 383
f 368 384 383
f 385 368 367
f 386 383 384
f 368 353 384
f 353 369 384
f 385 353 368
f 386 384 369

o shirt_hem
usemtl shirt
s 1
v 0.225000 0.000000 1.000000
v 0.207873 0.057403 1.000000
v 0.159099 0.106066 1.000000
v 0.086104 0.138582 1.000000
v 0.000000 0.150000 1.000000
v -0.086104 0.138582 1.000000
v -0.159099 0.106066 1.000000
v -0.207873 0.057403 1.000000
v -0.225000 0.000000 1.000000
v -0.207873 -0.057403 1.000000
v -0.159099 -0.106066 1.000000
v -0.086104 -0.138582 1.000000
v -0.000000 -0.150000 1.000000
v 0.086104 -0.138582 1.000000
v 0.159099 -0.106066 1.000000
v 0.207873 -0.057403 1.000000
v 0.230000 0.000000 1.110000
v 0.212492 0.057403 1.110000
v 0.162635 0.106066 1.110000
v 0.088017 0.138582 1.110000
v 0.000000 0.150000 1.110000
v -0.088017 0.138582 1.110000
v -0.162635 0.106066 1.110000
v -0.212492 0.057403 1.110000
v -0.230000 0.000000 1.110000
v -0.212492 -0.057403 1.110000
v -0.162635 -0.106066 1.110000
v -0.088017 -0.138582 1.110000
v -0.000000 -0.150000 1.110000
v 0.088017 -0.138582 1.110000
v 0.162635 -0.106066 1.110000
v 0.212492 -0.057403 1.110000
v 0.000000 0.000000 1.000000
v 0.000000 0.000000 1.110000
f 387 388 403
f 388 404 403
f 419 388 387
f 420 403 404
f 388 389 404
f 389 405 404
f 419 389 388
f 420 404 405
f 389 390 405
f 390 406 405
f 419 390 389
f 420 405 406
f 390 391 406
f 391 407 406
f 419 391 390
f 420 406 407
f 391 392 407
f 392 408 407
f 419 392 391
f 420 407 408
f 392 393 408
f 393 409 408
f 419 393 392
f 420 408 409
f 393 394 409
f 394 410 409
f 419 394 393
f 420 409 410
f 394 395 410
f 395 411 410
f 419 395 394
f 420 410 411
f 395 396 411
f 396 412 411
f 419 396 395
f 420 411 412
f 396 397 412
f 397 413 412
f 419 397 396
f 420 412 413
f 397 398 413
f 398 414 413
f 419 398 397
f 420 413 414
f 398 399 414
f 399 415 414
f 419 399 398
f 420 414 415
f 399 400 415
f 400 416 415
f 419 400 399
f 420 415 416
f 400 401 416
f 401 417 416
f 419 401 400
f 420 416 417
f 401 402 417
f 402 418 417
f 419 402 401
f 420 417 418
f 402 387 418
f 387 403 418
f 419 387 402
f 420 418 403

o torso
usemtl hoodie
s 1
v 0.215000 0.000000 1.070000
v 0.198634 0.053576 1.070000
v 0.152028 0.098995 1.070000
v 0.082277 0.129343 1.070000
v 0.000000 0.140000 1.070000
v -0.082277 0.129343 1.070000
v -0.152028 0.098995 1.070000
v -0.198634 0.053576 1.070000
v -0.215000 0.000000 1.070000
v -0.198634 -0.053576 1.070000
v -0.152028 -0.098995 1.070000
v -0.082277 -0.129343 1.070000
v -0.000000 -0.140000 1.070000
v 0.082277 -0.129343 1.070000
v 0.152028 -0.098995 1.070000
v 0.198634 -0.053576 1.070000
v 0.250000 0.000000 1.460000
v 0.230970 0.059316 1.460000
v 0.176777 0.109602 1.460000
v 0.095671 0.143201 1.460000
v 0.000000 0.155000 1.460000
v -0.095671 0.143201 1.460000
v -0.176777 0.109602 1.460000
v -0.230970 0.059316 1.460000
v -0.250000 0.000000 1.460000
v -0.230970 -0.059316 1.460000
v -0.176777 -0.109602 1.460000
v -0.095671 -0.143201 1.460000
v -0.000000 -0.155000 1.460000
v 0.095671 -0.143201 1.460000
v 0.176777 -0.109602 1.460000
v 0.230970 -0.059316 1.460000
v 0.000000 0.000000 1.070000
v 0.000000 0.000000 1.460000
f 421 422 437
f 422 438 437
f 453 422 421
f 454 437 438
f 422 423 438
f 423 439 438
f 453 423 422
f 454 438 439
f 423 424 439
f 424 440 439
f 453 424 423
f 454 439 440
f 424 425 440
f 425 441 440
f 453 425 424
f 454 440 441
f 425 426 441
f 426 442 441
f 453 426 425
f 454 441 442
f 426 427 442
f 427 443 442
f 453 427 426
f 454 442 443
f 427 428 443
f 428 444 443
f 453 428 427
f 454 443 444
f 428 429 444
f 429 445 444
f 453 429 428
f 454 444 445
f 429 430 445
f 430 446 445
f 453 430 429
f 454 445 446
f 430 431 446
f 431 447 446
f 453 431 430
f 454 446 447
f 431 432 447
f 432 448 447
f 453 432 431
f 454 447 448
f 432 433 448
f 433 449 448
f 453 433 432
f 454 448 449
f 433 434 449
f 434 450 449
f 453 434 433
f 454 449 450
f 434 435 450
f 435 451 450
f 453 435 434
f 454 450 451
f 435 436 451
f 436 452 451
f 453 436 435
f 454 451 452
f 436 421 452
f 421 437 452
f 453 421 436
f 454 452 437

o hood
usemtl hoodie_dark
s 1
v 0.000000 0.075000 1.600000
v 0.000000 0.075000 1.600000
v 0.000000 0.075000 1.600000
v 0.000000 0.075000 1.600000
v 0.000000 0.075000 1.600000
v 0.000000 0.075000 1.600000
v 0.000000 0.075000 1.600000
v 0.000000 0.075000 1.600000
v 0.000000 0.075000 1.600000
v 0.000000 0.075000 1.600000
v 0.000000 0.075000 1.600000
v 0.000000 0.075000 1.600000
v 0.000000 0.075000 1.600000
v 0.000000 0.075000 1.600000
v 0.068404 0.075000 1.589748
v 0.061630 0.090582 1.589748
v 0.042649 0.103077 1.589748
v 0.015221 0.110012 1.589748
v -0.015221 0.110012 1.589748
v -0.042649 0.103077 1.589748
v -0.061630 0.090582 1.589748
v -0.068404 0.075000 1.589748
v -0.061630 0.059418 1.589748
v -0.042649 0.046923 1.589748
v -0.015221 0.039988 1.589748
v 0.015221 0.039988 1.589748
v 0.042649 0.046923 1.589748
v 0.061630 0.059418 1.589748
v 0.128558 0.075000 1.560228
v 0.115826 0.104284 1.560228
v 0.080154 0.127768 1.560228
v 0.028607 0.140801 1.560228
v -0.028607 0.140801 1.560228
v -0.080154 0.127768 1.560228
v -0.115826 0.104284 1.560228
v -0.128558 0.075000 1.560228
v -0.115826 0.045716 1.560228
v -0.080154 0.022232 1.560228
v -0.028607 0.009199 1.560228
v 0.028607 0.009199 1.560228
v 0.080154 0.022232 1.560228
v 0.115826 0.045716 1.560228
v 0.173205 0.075000 1.515000
v 0.156052 0.114454 1.515000
v 0.107992 0.146094 1.515000
v 0.038542 0.163653 1.515000
v -0.038542 0.163653 1.515000
v -0.107992 0.146094 1.515000
v -0.156052 0.114454 1.515000
v -0.173205 0.075000 1.515000
v -0.156052 0.035546 1.515000
v -0.107992 0.003906 1.515000
v -0.038542 -0.013653 1.515000
v 0.038542 -0.013653 1.515000
v 0.107992 0.003906 1.515000
v 0.156052 0.035546 1.515000
v 0.196962 0.075000 1.459520
v 0.177456 0.119866 1.459520
v 0.122804 0.155845 1.459520
v 0.043828 0.175812 1.459520
v -0.043828 0.175812 1.459520
v -0.122804 0.155845 1.459520
v -0.177456 0.119866 1.459520
v -0.196962 0.075000 1.459520
v -0.177456 0.030134 1.459520
v -0.122804 -0.005845 1.459520
v -0.043828 -0.025812 1.459520
v 0.043828 -0.025812 1.459520
v 0.122804 -0.005845 1.459520
v 0.177456 0.030134 1.459520
v 0.196962 0.075000 1.400480
v 0.177456 0.119866 1.400480
v 0.122804 0.155845 1.400480
v 0.043828 0.175812 1.400480
v -0.043828 0.175812 1.400480
v -0.122804 0.155845 1.400480
v -0.177456 0.119866 1.400480
v -0.196962 0.075000 1.400480
v -0.177456 0.030134 1.400480
v -0.122804 -0.005845 1.400480
v -0.043828 -0.025812 1.400480
v 0.043828 -0.025812 1.400480
v 0.122804 -0.005845 1.400480
v 0.177456 0.030134 1.400480
v 0.173205 0.075000 1.345000
v 0.156052 0.114454 1.345000
v 0.107992 0.146094 1.345000
v 0.038542 0.163653 1.345000
v -0.038542 0.163653 1.345000
v -0.107992 0.146094 1.345000
v -0.156052 0.114454 1.345000
v -0.173205 0.075000 1.345000
v -0.156052 0.035546 1.345000
v -0.107992 0.003906 1.345000
v -0.038542 -0.013653 1.345000
v 0.038542 -0.013653 1.345000
v 0.107992 0.003906 1.345000
v 0.156052 0.035546 1.345000
v 0.128558 0.075000 1.299772
v 0.115826 0.104284 1.299772
v 0.080154 0.127768 1.299772
v 0.028607 0.140801 1.299772
v -0.028607 0.140801 1.299772
v -0.080154 0.127768 1.299772
v -0.115826 0.104284 1.299772
v -0.128558 0.075000 1.299772
v -0.115826 0.045716 1.299772
v -0.080154 0.022232 1.299772
v -0.028607 0.009199 1.299772
v 0.028607 0.009199 1.299772
v 0.080154 0.022232 1.299772
v 0.115826 0.045716 1.299772
v 0.068404 0.075000 1.270252
v 0.061630 0.090582 1.270252
v 0.042649 0.103077 1.270252
v 0.015221 0.110012 1.270252
v -0.015221 0.110012 1.270252
v -0.042649 0.103077 1.270252
v -0.061630 0.090582 1.270252
v -0.068404 0.075000 1.270252
v -0.061630 0.059418 1.270252
v -0.042649 0.046923 1.270252
v -0.015221 0.039988 1.270252
v 0.015221 0.039988 1.270252
v 0.042649 0.046923 1.270252
v 0.061630 0.059418 1.270252
v 0.000000 0.075000 1.260000
v 0.000000 0.075000 1.260000
v 0.000000 0.075000 1.260000
v 0.000000 0.075000 1.260000
v -0.000000 0.075000 1.260000
v -0.000000 0.075000 1.260000
v -0.000000 0.075000 1.260000
v -0.000000 0.075000 1.260000
v -0.000000 0.075000 1.260000
v -0.000000 0.075000 1.260000
v -0.000000 0.075000 1.260000
v 0.000000 0.075000 1.260000
v 0.000000 0.075000 1.260000
v 0.000000 0.075000 1.260000
f 456 470 469
f 457 471 470
f 458 472 471
f 459 473 472
f 460 474 473
f 461 475 474
f 462 476 475
f 463 477 476
f 464 478 477
f 465 479 478
f 466 480 479
f 467 481 480
f 468 482 481
f 455 469 482
f 469 470 483
f 470 484 483
f 470 471 484
f 471 485 484
f 471 472 485
f 472 486 485
f 472 473 486
f 473 487 486
f 473 474 487
f 474 488 487
f 474 475 488
f 475 489 488
f 475 476 489
f 476 490 489
f 476 477 490
f 477 491 490
f 477 478 491
f 478 492 491
f 478 479 492
f 479 493 492
f 479 480 493
f 480 494 493
f 480 481 494
f 481 495 494
f 481 482 495
f 482 496 495
f 482 469 496
f 469 483 496
f 483 484 497
f 484 498 497
f 484 485 498
f 485 499 498
f 485 486 499
f 486 500 499
f 486 487 500
f 487 501 500
f 487 488 501
f 488 502 501
f 488 489 502
f 489 503 502
f 489 490 503
f 490 504 503
f 490 491 504
f 491 505 504
f 491 492 505
f 492 506 505
f 492 493 506
f 493 507 506
f 493 494 507
f 494 508 507
f 494 495 508
f 495 509 508
f 495 496 509
f 496 510 509
f 496 483 510
f 483 497 510
f 497 498 511
f 498 512 511
f 498 499 512
f 499 513 512
f 499 500 513
f 500 514 513
f 500 501 514
f 501 515 514
f 501 502 515
f 502 516 515
f 502 503 516
f 503 517 516
f 503 504 517
f 504 518 517
f 504 505 518
f 505 519 518
f 505 506 519
f 506 520 519
f 506 507 520
f 507 521 520
f 507 508 521
f 508 522 521
f 508 509 522
f 509 523 522
f 509 510 523
f 510 524 523
f 510 497 524
f 497 511 524
f 511 512 525
f 512 526 525
f 512 513 526
f 513 527 526
f 513 514 527
f 514 528 527
f 514 515 528
f 515 529 528
f 515 516 529
f 516 530 529
f 516 517 530
f 517 531 530
f 517 518 531
f 518 532 531
f 518 519 532
f 519 533 532
f 519 520 533
f 520 534 533
f 520 521 534
f 521 535 534
f 521 522 535
f 522 536 535
f 522 523 536
f 523 537 536
f 523 524 537
f 524 538 537
f 524 511 538
f 511 525 538
f 525 526 539
f 526 540 539
f 526 527 540
f 527 541 540
f 527 528 541
f 528 542 541
f 528 529 542
f 529 543 542
f 529 530 543
f 530 544 543
f 530 531 544
f 531 545 544
f 531 532 545
f 532 546 545
f 532 533 546
f 533 547 546
f 533 534 547
f 534 548 547
f 534 535 548
f 535 549 548
f 535 536 549
f 536 550 549
f 536 537 550
f 537 551 550
f 537 538 551
f 538 552 551
f 538 525 552
f 525 539 552
f 539 540 553
f 540 554 553
f 540 541 554
f 541 555 554
f 541 542 555
f 542 556 555
f 542 543 556
f 543 557 556
f 543 544 557
f 544 558 557
f 544 545 558
f 545 559 558
f 545 546 559
f 546 560 559
f 546 547 560
f 547 561 560
f 547 548 561
f 548 562 561
f 548 549 562
f 549 563 562
f 549 550 563
f 550 564 563
f 550 551 564
f 551 565 564
f 551 552 565
f 552 566 565
f 552 539 566
f 539 553 566
f 553 554 567
f 554 568 567
f 554 555 568
f 555 569 568
f 555 556 569
f 556 570 569
f 556 557 570
f 557 571 570
f 557 558 571
f 558 572 571
f 558 559 572
f 559 573 572
f 559 560 573
f 560 574 573
f 560 561 574
f 561 575 574
f 561 562 575
f 562 576 575
f 562 563 576
f 563 577 576
f 563 564 577
f 564 578 577
f 564 565 578
f 565 579 578
f 565 566 579
f 566 580 579
f 566 553 580
f 553 567 580
f 567 568 581
f 568 569 582
f 569 570 583
f 570 571 584
f 571 572 585
f 572 573 586
f 573 574 587
f 574 575 588
f 575 576 589
f 576 577 590
f 577 578 591
f 578 579 592
f 579 580 593
f 580 567 594

o neck
usemtl skin_shadow
s 1
v -0.085000 0.000000 1.430000
v -0.073612 -0.042500 1.430000
v -0.042500 -0.073612 1.430000
v -0.000000 -0.085000 1.430000
v 0.042500 -0.073612 1.430000
v 0.073612 -0.042500 1.430000
v 0.085000 -0.000000 1.430000
v 0.073612 0.042500 1.430000
v 0.042500 0.073612 1.430000
v 0.000000 0.085000 1.430000
v -0.042500 0.073612 1.430000
v -0.073612 0.042500 1.430000
v -0.075000 0.000000 1.550000
v -0.064952 -0.037500 1.550000
v -0.037500 -0.064952 1.550000
v -0.000000 -0.075000 1.550000
v 0.037500 -0.064952 1.550000
v 0.064952 -0.037500 1.550000
v 0.075000 -0.000000 1.550000
v 0.064952 0.037500 1.550000
v 0.037500 0.064952 1.550000
v 0.000000 0.075000 1.550000
v -0.037500 0.064952 1.550000
v -0.064952 0.037500 1.550000
v 0.000000 0.000000 1.430000
v 0.000000 0.000000 1.550000
f 595 596 607
f 596 608 607
f 619 595 596
f 620 608 607
f 596 597 608
f 597 609 608
f 619 596 597
f 620 609 608
f 597 598 609
f 598 610 609
f 619 597 598
f 620 610 609
f 598 599 610
f 599 611 610
f 619 598 599
f 620 611 610
f 599 600 611
f 600 612 611
f 619 599 600
f 620 612 611
f 600 601 612
f 601 613 612
f 619 600 601
f 620 613 612
f 601 602 613
f 602 614 613
f 619 601 602
f 620 614 613
f 602 603 614
f 603 615 614
f 619 602 603
f 620 615 614
f 603 604 615
f 604 616 615
f 619 603 604
f 620 616 615
f 604 605 616
f 605 617 616
f 619 604 605
f 620 617 616
f 605 606 617
f 606 618 617
f 619 605 606
f 620 618 617
f 606 595 618
f 595 607 618
f 619 606 595
f 620 607 618

o shoulder_L
usemtl hoodie
s 1
v -0.250000 0.000000 1.510000
v -0.250000 0.000000 1.510000
v -0.250000 0.000000 1.510000
v -0.250000 0.000000 1.510000
v -0.250000 0.000000 1.510000
v -0.250000 0.000000 1.510000
v -0.250000 0.000000 1.510000
v -0.250000 0.000000 1.510000
v -0.250000 0.000000 1.510000
v -0.250000 0.000000 1.510000
v -0.250000 0.000000 1.510000
v -0.250000 0.000000 1.510000
v -0.214088 0.000000 1.502763
v -0.218899 0.020521 1.502763
v -0.232044 0.035544 1.502763
v -0.250000 0.041042 1.502763
v -0.267956 0.035544 1.502763
v -0.281101 0.020521 1.502763
v -0.285912 0.000000 1.502763
v -0.281101 -0.020521 1.502763
v -0.267956 -0.035544 1.502763
v -0.250000 -0.041042 1.502763
v -0.232044 -0.035544 1.502763
v -0.218899 -0.020521 1.502763
v -0.182507 0.000000 1.481925
v -0.191550 0.038567 1.481925
v -0.216254 0.066800 1.481925
v -0.250000 0.077135 1.481925
v -0.283746 0.066800 1.481925
v -0.308450 0.038567 1.481925
v -0.317493 0.000000 1.481925
v -0.308450 -0.038567 1.481925
v -0.283746 -0.066800 1.481925
v -0.250000 -0.077135 1.481925
v -0.216254 -0.066800 1.481925
v -0.191550 -0.038567 1.481925
v -0.159067 0.000000 1.450000
v -0.171250 0.051962 1.450000
v -0.204534 0.090000 1.450000
v -0.250000 0.103923 1.450000
v -0.295466 0.090000 1.450000
v -0.328750 0.051962 1.450000
v -0.340933 0.000000 1.450000
v -0.328750 -0.051962 1.450000
v -0.295466 -0.090000 1.450000
v -0.250000 -0.103923 1.450000
v -0.204534 -0.090000 1.450000
v -0.171250 -0.051962 1.450000
v -0.146595 0.000000 1.410838
v -0.160449 0.059088 1.410838
v -0.198298 0.102344 1.410838
v -0.250000 0.118177 1.410838
v -0.301702 0.102344 1.410838
v -0.339551 0.059088 1.410838
v -0.353405 0.000000 1.410838
v -0.339551 -0.059088 1.410838
v -0.301702 -0.102344 1.410838
v -0.250000 -0.118177 1.410838
v -0.198298 -0.102344 1.410838
v -0.160449 -0.059088 1.410838
v -0.146595 0.000000 1.369162
v -0.160449 0.059088 1.369162
v -0.198298 0.102344 1.369162
v -0.250000 0.118177 1.369162
v -0.301702 0.102344 1.369162
v -0.339551 0.059088 1.369162
v -0.353405 0.000000 1.369162
v -0.339551 -0.059088 1.369162
v -0.301702 -0.102344 1.369162
v -0.250000 -0.118177 1.369162
v -0.198298 -0.102344 1.369162
v -0.160449 -0.059088 1.369162
v -0.159067 0.000000 1.330000
v -0.171250 0.051962 1.330000
v -0.204534 0.090000 1.330000
v -0.250000 0.103923 1.330000
v -0.295466 0.090000 1.330000
v -0.328750 0.051962 1.330000
v -0.340933 0.000000 1.330000
v -0.328750 -0.051962 1.330000
v -0.295466 -0.090000 1.330000
v -0.250000 -0.103923 1.330000
v -0.204534 -0.090000 1.330000
v -0.171250 -0.051962 1.330000
v -0.182507 0.000000 1.298075
v -0.191550 0.038567 1.298075
v -0.216254 0.066800 1.298075
v -0.250000 0.077135 1.298075
v -0.283746 0.066800 1.298075
v -0.308450 0.038567 1.298075
v -0.317493 0.000000 1.298075
v -0.308450 -0.038567 1.298075
v -0.283746 -0.066800 1.298075
v -0.250000 -0.077135 1.298075
v -0.216254 -0.066800 1.298075
v -0.191550 -0.038567 1.298075
v -0.214088 0.000000 1.277237
v -0.218899 0.020521 1.277237
v -0.232044 0.035544 1.277237
v -0.250000 0.041042 1.277237
v -0.267956 0.035544 1.277237
v -0.281101 0.020521 1.277237
v -0.285912 0.000000 1.277237
v -0.281101 -0.020521 1.277237
v -0.267956 -0.035544 1.277237
v -0.250000 -0.041042 1.277237
v -0.232044 -0.035544 1.277237
v -0.218899 -0.020521 1.277237
v -0.250000 0.000000 1.270000
v -0.250000 0.000000 1.270000
v -0.250000 0.000000 1.270000
v -0.250000 0.000000 1.270000
v -0.250000 0.000000 1.270000
v -0.250000 0.000000 1.270000
v -0.250000 0.000000 1.270000
v -0.250000 -0.000000 1.270000
v -0.250000 -0.000000 1.270000
v -0.250000 -0.000000 1.270000
v -0.250000 -0.000000 1.270000
v -0.250000 -0.000000 1.270000
f 622 634 633
f 623 635 634
f 624 636 635
f 625 637 636
f 626 638 637
f 627 639 638
f 628 640 639
f 629 641 640
f 630 642 641
f 631 643 642
f 632 644 643
f 621 633 644
f 633 634 645
f 634 646 645
f 634 635 646
f 635 647 646
f 635 636 647
f 636 648 647
f 636 637 648
f 637 649 648
f 637 638 649
f 638 650 649
f 638 639 650
f 639 651 650
f 639 640 651
f 640 652 651
f 640 641 652
f 641 653 652
f 641 642 653
f 642 654 653
f 642 643 654
f 643 655 654
f 643 644 655
f 644 656 655
f 644 633 656
f 633 645 656
f 645 646 657
f 646 658 657
f 646 647 658
f 647 659 658
f 647 648 659
f 648 660 659
f 648 649 660
f 649 661 660
f 649 650 661
f 650 662 661
f 650 651 662
f 651 663 662
f 651 652 663
f 652 664 663
f 652 653 664
f 653 665 664
f 653 654 665
f 654 666 665
f 654 655 666
f 655 667 666
f 655 656 667
f 656 668 667
f 656 645 668
f 645 657 668
f 657 658 669
f 658 670 669
f 658 659 670
f 659 671 670
f 659 660 671
f 660 672 671
f 660 661 672
f 661 673 672
f 661 662 673
f 662 674 673
f 662 663 674
f 663 675 674
f 663 664 675
f 664 676 675
f 664 665 676
f 665 677 676
f 665 666 677
f 666 678 677
f 666 667 678
f 667 679 678
f 667 668 679
f 668 680 679
f 668 657 680
f 657 669 680
f 669 670 681
f 670 682 681
f 670 671 682
f 671 683 682
f 671 672 683
f 672 684 683
f 672 673 684
f 673 685 684
f 673 674 685
f 674 686 685
f 674 675 686
f 675 687 686
f 675 676 687
f 676 688 687
f 676 677 688
f 677 689 688
f 677 678 689
f 678 690 689
f 678 679 690
f 679 691 690
f 679 680 691
f 680 692 691
f 680 669 692
f 669 681 692
f 681 682 693
f 682 694 693
f 682 683 694
f 683 695 694
f 683 684 695
f 684 696 695
f 684 685 696
f 685 697 696
f 685 686 697
f 686 698 697
f 686 687 698
f 687 699 698
f 687 688 699
f 688 700 699
f 688 689 700
f 689 701 700
f 689 690 701
f 690 702 701
f 690 691 702
f 691 703 702
f 691 692 703
f 692 704 703
f 692 681 704
f 681 693 704
f 693 694 705
f 694 706 705
f 694 695 706
f 695 707 706
f 695 696 707
f 696 708 707
f 696 697 708
f 697 709 708
f 697 698 709
f 698 710 709
f 698 699 710
f 699 711 710
f 699 700 711
f 700 712 711
f 700 701 712
f 701 713 712
f 701 702 713
f 702 714 713
f 702 703 714
f 703 715 714
f 703 704 715
f 704 716 715
f 704 693 716
f 693 705 716
f 705 706 717
f 706 718 717
f 706 707 718
f 707 719 718
f 707 708 719
f 708 720 719
f 708 709 720
f 709 721 720
f 709 710 721
f 710 722 721
f 710 711 722
f 711 723 722
f 711 712 723
f 712 724 723
f 712 713 724
f 713 725 724
f 713 714 725
f 714 726 725
f 714 715 726
f 715 727 726
f 715 716 727
f 716 728 727
f 716 705 728
f 705 717 728
f 717 718 729
f 718 719 730
f 719 720 731
f 720 721 732
f 721 722 733
f 722 723 734
f 723 724 735
f 724 725 736
f 725 726 737
f 726 727 738
f 727 728 739
f 728 717 740

o upper_arm_L
usemtl hoodie
s 1
v -0.166174 0.000000 1.366715
v -0.177197 -0.043493 1.370582
v -0.207727 -0.075332 1.379653
v -0.249585 -0.086986 1.391495
v -0.291553 -0.075332 1.402938
v -0.322388 -0.043493 1.410913
v -0.333826 -0.000000 1.413285
v -0.322803 0.043493 1.409418
v -0.292273 0.075332 1.400347
v -0.250415 0.086986 1.388505
v -0.208447 0.075332 1.377062
v -0.177612 0.043493 1.369087
v -0.254663 -0.005000 1.100462
v -0.263912 -0.041494 1.103707
v -0.289530 -0.068210 1.111318
v -0.324651 -0.077988 1.121255
v -0.359867 -0.068210 1.130856
v -0.385739 -0.041494 1.137548
v -0.395337 -0.005000 1.139538
v -0.386088 0.031494 1.136293
v -0.360470 0.058210 1.128682
v -0.325349 0.067988 1.118745
v -0.290133 0.058210 1.109144
v -0.264261 0.031494 1.102452
v -0.250000 0.000000 1.390000
v -0.325000 -0.005000 1.120000
f 741 742 753
f 742 754 753
f 765 741 742
f 766 754 753
f 742 743 754
f 743 755 754
f 765 742 743
f 766 755 754
f 743 744 755
f 744 756 755
f 765 743 744
f 766 756 755
f 744 745 756
f 745 757 756
f 765 744 745
f 766 757 756
f 745 746 757
f 746 758 757
f 765 745 746
f 766 758 757
f 746 747 758
f 747 759 758
f 765 746 747
f 766 759 758
f 747 748 759
f 748 760 759
f 765 747 748
f 766 760 759
f 748 749 760
f 749 761 760
f 765 748 749
f 766 761 760
f 749 750 761
f 750 762 761
f 765 749 750
f 766 762 761
f 750 751 762
f 751 763 762
f 765 750 751
f 766 763 762
f 751 752 763
f 752 764 763
f 765 751 752
f 766 764 763
f 752 741 764
f 741 753 764
f 765 752 741
f 766 753 764

o elbow_L
usemtl hoodie
s 1
v -0.325000 -0.005000 1.198000
v -0.325000 -0.005000 1.198000
v -0.325000 -0.005000 1.198000
v -0.325000 -0.005000 1.198000
v -0.325000 -0.005000 1.198000
v -0.325000 -0.005000 1.198000
v -0.325000 -0.005000 1.198000
v -0.325000 -0.005000 1.198000
v -0.325000 -0.005000 1.198000
v -0.325000 -0.005000 1.198000
v -0.293760 -0.005000 1.190276
v -0.299727 0.012852 1.190276
v -0.315346 0.023885 1.190276
v -0.334654 0.023885 1.190276
v -0.350273 0.012852 1.190276
v -0.356240 -0.005000 1.190276
v -0.350273 -0.022852 1.190276
v -0.334654 -0.033885 1.190276
v -0.315346 -0.033885 1.190276
v -0.299727 -0.022852 1.190276
v -0.268708 -0.005000 1.168632
v -0.279459 0.027168 1.168632
v -0.307605 0.047050 1.168632
v -0.342395 0.047050 1.168632
v -0.370541 0.027168 1.168632
v -0.381292 -0.005000 1.168632
v -0.370541 -0.037168 1.168632
v -0.342395 -0.057050 1.168632
v -0.307605 -0.057050 1.168632
v -0.279459 -0.037168 1.168632
v -0.254805 -0.005000 1.137357
v -0.268211 0.035113 1.137357
v -0.303309 0.059905 1.137357
v -0.346691 0.059905 1.137357
v -0.381789 0.035113 1.137357
v -0.395195 -0.005000 1.137357
v -0.381789 -0.045113 1.137357
v -0.346691 -0.069905 1.137357
v -0.303309 -0.069905 1.137357
v -0.268211 -0.045113 1.137357
v -0.254805 -0.005000 1.102643
v -0.268211 0.035113 1.102643
v -0.303309 0.059905 1.102643
v -0.346691 0.059905 1.102643
v -0.381789 0.035113 1.102643
v -0.395195 -0.005000 1.102643
v -0.381789 -0.045113 1.102643
v -0.346691 -0.069905 1.102643
v -0.303309 -0.069905 1.102643
v -0.268211 -0.045113 1.102643
v -0.268708 -0.005000 1.071368
v -0.279459 0.027168 1.071368
v -0.307605 0.047050 1.071368
v -0.342395 0.047050 1.071368
v -0.370541 0.027168 1.071368
v -0.381292 -0.005000 1.071368
v -0.370541 -0.037168 1.071368
v -0.342395 -0.057050 1.071368
v -0.307605 -0.057050 1.071368
v -0.279459 -0.037168 1.071368
v -0.293760 -0.005000 1.049724
v -0.299727 0.012852 1.049724
v -0.315346 0.023885 1.049724
v -0.334654 0.023885 1.049724
v -0.350273 0.012852 1.049724
v -0.356240 -0.005000 1.049724
v -0.350273 -0.022852 1.049724
v -0.334654 -0.033885 1.049724
v -0.315346 -0.033885 1.049724
v -0.299727 -0.022852 1.049724
v -0.325000 -0.005000 1.042000
v -0.325000 -0.005000 1.042000
v -0.325000 -0.005000 1.042000
v -0.325000 -0.005000 1.042000
v -0.325000 -0.005000 1.042000
v -0.325000 -0.005000 1.042000
v -0.325000 -0.005000 1.042000
v -0.325000 -0.005000 1.042000
v -0.325000 -0.005000 1.042000
v -0.325000 -0.005000 1.042000
f 768 778 777
f 769 779 778
f 770 780 779
f 771 781 780
f 772 782 781
f 773 783 782
f 774 784 783
f 775 785 784
f 776 786 785
f 767 777 786
f 777 778 787
f 778 788 787
f 778 779 788
f 779 789 788
f 779 780 789
f 780 790 789
f 780 781 790
f 781 791 790
f 781 782 791
f 782 792 791
f 782 783 792
f 783 793 792
f 783 784 793
f 784 794 793
f 784 785 794
f 785 795 794
f 785 786 795
f 786 796 795
f 786 777 796
f 777 787 796
f 787 788 797
f 788 798 797
f 788 789 798
f 789 799 798
f 789 790 799
f 790 800 799
f 790 791 800
f 791 801 800
f 791 792 801
f 792 802 801
f 792 793 802
f 793 803 802
f 793 794 803
f 794 804 803
f 794 795 804
f 795 805 804
f 795 796 805
f 796 806 805
f 796 787 806
f 787 797 806
f 797 798 807
f 798 808 807
f 798 799 808
f 799 809 808
f 799 800 809
f 800 810 809
f 800 801 810
f 801 811 810
f 801 802 811
f 802 812 811
f 802 803 812
f 803 813 812
f 803 804 813
f 804 814 813
f 804 805 814
f 805 815 814
f 805 806 815
f 806 816 815
f 806 797 816
f 797 807 816
f 807 808 817
f 808 818 817
f 808 809 818
f 809 819 818
f 809 810 819
f 810 820 819
f 810 811 820
f 811 821 820
f 811 812 821
f 812 822 821
f 812 813 822
f 813 823 822
f 813 814 823
f 814 824 823
f 814 815 824
f 815 825 824
f 815 816 825
f 816 826 825
f 816 807 826
f 807 817 826
f 817 818 827
f 818 828 827
f 818 819 828
f 819 829 828
f 819 820 829
f 820 830 829
f 820 821 830
f 821 831 830
f 821 822 831
f 822 832 831
f 822 823 832
f 823 833 832
f 823 824 833
f 824 834 833
f 824 825 834
f 825 835 834
f 825 826 835
f 826 836 835
f 826 817 836
f 817 827 836
f 827 828 837
f 828 829 838
f 829 830 839
f 830 831 840
f 831 832 841
f 832 833 842
f 833 834 843
f 834 835 844
f 835 836 845
f 836 827 846

o forearm_L
usemtl hoodie
s 1
v -0.257284 -0.005000 1.137735
v -0.268347 -0.039107 1.142959
v -0.294589 -0.064075 1.142030
v -0.328981 -0.073214 1.135199
v -0.362305 -0.064075 1.124295
v -0.385634 -0.039107 1.112240
v -0.392716 -0.005000 1.102265
v -0.381653 0.029107 1.097041
v -0.355411 0.054075 1.097970
v -0.321019 0.063214 1.104801
v -0.287695 0.054075 1.115705
v -0.264366 0.029107 1.127760
v -0.215827 -0.055000 0.924188
v -0.224677 -0.082286 0.928367
v -0.245671 -0.102260 0.927624
v -0.273185 -0.109571 0.922159
v -0.299844 -0.102260 0.913436
v -0.318507 -0.082286 0.903792
v -0.324173 -0.055000 0.895812
v -0.315323 -0.027714 0.891633
v -0.294329 -0.007740 0.892376
v -0.266815 -0.000429 0.897841
v -0.240156 -0.007740 0.906564
v -0.221493 -0.027714 0.916208
v -0.325000 -0.005000 1.120000
v -0.270000 -0.055000 0.910000
f 847 848 859
f 848 860 859
f 871 847 848
f 872 860 859
f 848 849 860
f 849 861 860
f 871 848 849
f 872 861 860
f 849 850 861
f 850 862 861
f 871 849 850
f 872 862 861
f 850 851 862
f 851 863 862
f 871 850 851
f 872 863 862
f 851 852 863
f 852 864 863
f 871 851 852
f 872 864 863
f 852 853 864
f 853 865 864
f 871 852 853
f 872 865 864
f 853 854 865
f 854 866 865
f 871 853 854
f 872 866 865
f 854 855 866
f 855 867 866
f 871 854 855
f 872 867 866
f 855 856 867
f 856 868 867
f 871 855 856
f 872 868 867
f 856 857 868
f 857 869 868
f 871 856 857
f 872 869 868
f 857 858 869
f 858 870 869
f 871 857 858
f 872 870 869
f 858 847 870
f 847 859 870
f 871 858 847
f 872 859 870

o hand_L
usemtl skin
s 1
v -0.270000 -0.060000 0.945000
v -0.270000 -0.060000 0.945000
v -0.270000 -0.060000 0.945000
v -0.270000 -0.060000 0.945000
v -0.270000 -0.060000 0.945000
v -0.270000 -0.060000 0.945000
v -0.270000 -0.060000 0.945000
v -0.270000 -0.060000 0.945000
v -0.270000 -0.060000 0.945000
v -0.270000 -0.060000 0.945000
v -0.270000 -0.060000 0.945000
v -0.270000 -0.060000 0.945000
v -0.248952 -0.060000 0.937769
v -0.251772 -0.053112 0.937769
v -0.259476 -0.048069 0.937769
v -0.270000 -0.046223 0.937769
v -0.280524 -0.048069 0.937769
v -0.288228 -0.053112 0.937769
v -0.291048 -0.060000 0.937769
v -0.288228 -0.066888 0.937769
v -0.280524 -0.071931 0.937769
v -0.270000 -0.073777 0.937769
v -0.259476 -0.071931 0.937769
v -0.251772 -0.066888 0.937769
v -0.231109 -0.060000 0.917175
v -0.236320 -0.047272 0.917175
v -0.250555 -0.037955 0.917175
v -0.270000 -0.034544 0.917175
v -0.289445 -0.037955 0.917175
v -0.303680 -0.047272 0.917175
v -0.308891 -0.060000 0.917175
v -0.303680 -0.072728 0.917175
v -0.289445 -0.082045 0.917175
v -0.270000 -0.085456 0.917175
v -0.250555 -0.082045 0.917175
v -0.236320 -0.072728 0.917175
v -0.219187 -0.060000 0.886355
v -0.225994 -0.043370 0.886355
v -0.244593 -0.031196 0.886355
v -0.270000 -0.026740 0.886355
v -0.295407 -0.031196 0.886355
v -0.314006 -0.043370 0.886355
v -0.320813 -0.060000 0.886355
v -0.314006 -0.076630 0.886355
v -0.295407 -0.088804 0.886355
v -0.270000 -0.093260 0.886355
v -0.244593 -0.088804 0.886355
v -0.225994 -0.076630 0.886355
v -0.215000 -0.060000 0.850000
v -0.222369 -0.042000 0.850000
v -0.242500 -0.028823 0.850000
v -0.270000 -0.024000 0.850000
v -0.297500 -0.028823 0.850000
v -0.317631 -0.042000 0.850000
v -0.325000 -0.060000 0.850000
v -0.317631 -0.078000 0.850000
v -0.297500 -0.091177 0.850000
v -0.270000 -0.096000 0.850000
v -0.242500 -0.091177 0.850000
v -0.222369 -0.078000 0.850000
v -0.219187 -0.060000 0.813645
v -0.225994 -0.043370 0.813645
v -0.244593 -0.031196 0.813645
v -0.270000 -0.026740 0.813645
v -0.295407 -0.031196 0.813645
v -0.314006 -0.043370 0.813645
v -0.320813 -0.060000 0.813645
v -0.314006 -0.076630 0.813645
v -0.295407 -0.088804 0.813645
v -0.270000 -0.093260 0.813645
v -0.244593 -0.088804 0.813645
v -0.225994 -0.076630 0.813645
v -0.231109 -0.060000 0.782825
v -0.236320 -0.047272 0.782825
v -0.250555 -0.037955 0.782825
v -0.270000 -0.034544 0.782825
v -0.289445 -0.037955 0.782825
v -0.303680 -0.047272 0.782825
v -0.308891 -0.060000 0.782825
v -0.303680 -0.072728 0.782825
v -0.289445 -0.082045 0.782825
v -0.270000 -0.085456 0.782825
v -0.250555 -0.082045 0.782825
v -0.236320 -0.072728 0.782825
v -0.248952 -0.060000 0.762231
v -0.251772 -0.053112 0.762231
v -0.259476 -0.048069 0.762231
v -0.270000 -0.046223 0.762231
v -0.280524 -0.048069 0.762231
v -0.288228 -0.053112 0.762231
v -0.291048 -0.060000 0.762231
v -0.288228 -0.066888 0.762231
v -0.280524 -0.071931 0.762231
v -0.270000 -0.073777 0.762231
v -0.259476 -0.071931 0.762231
v -0.251772 -0.066888 0.762231
v -0.270000 -0.060000 0.755000
v -0.270000 -0.060000 0.755000
v -0.270000 -0.060000 0.755000
v -0.270000 -0.060000 0.755000
v -0.270000 -0.060000 0.755000
v -0.270000 -0.060000 0.755000
v -0.270000 -0.060000 0.755000
v -0.270000 -0.060000 0.755000
v -0.270000 -0.060000 0.755000
v -0.270000 -0.060000 0.755000
v -0.270000 -0.060000 0.755000
v -0.270000 -0.060000 0.755000
f 874 886 885
f 875 887 886
f 876 888 887
f 877 889 888
f 878 890 889
f 879 891 890
f 880 892 891
f 881 893 892
f 882 894 893
f 883 895 894
f 884 896 895
f 873 885 896
f 885 886 897
f 886 898 897
f 886 887 898
f 887 899 898
f 887 888 899
f 888 900 899
f 888 889 900
f 889 901 900
f 889 890 901
f 890 902 901
f 890 891 902
f 891 903 902
f 891 892 903
f 892 904 903
f 892 893 904
f 893 905 904
f 893 894 905
f 894 906 905
f 894 895 906
f 895 907 906
f 895 896 907
f 896 908 907
f 896 885 908
f 885 897 908
f 897 898 909
f 898 910 909
f 898 899 910
f 899 911 910
f 899 900 911
f 900 912 911
f 900 901 912
f 901 913 912
f 901 902 913
f 902 914 913
f 902 903 914
f 903 915 914
f 903 904 915
f 904 916 915
f 904 905 916
f 905 917 916
f 905 906 917
f 906 918 917
f 906 907 918
f 907 919 918
f 907 908 919
f 908 920 919
f 908 897 920
f 897 909 920
f 909 910 921
f 910 922 921
f 910 911 922
f 911 923 922
f 911 912 923
f 912 924 923
f 912 913 924
f 913 925 924
f 913 914 925
f 914 926 925
f 914 915 926
f 915 927 926
f 915 916 927
f 916 928 927
f 916 917 928
f 917 929 928
f 917 918 929
f 918 930 929
f 918 919 930
f 919 931 930
f 919 920 931
f 920 932 931
f 920 909 932
f 909 921 932
f 921 922 933
f 922 934 933
f 922 923 934
f 923 935 934
f 923 924 935
f 924 936 935
f 924 925 936
f 925 937 936
f 925 926 937
f 926 938 937
f 926 927 938
f 927 939 938
f 927 928 939
f 928 940 939
f 928 929 940
f 929 941 940
f 929 930 941
f 930 942 941
f 930 931 942
f 931 943 942
f 931 932 943
f 932 944 943
f 932 921 944
f 921 933 944
f 933 934 945
f 934 946 945
f 934 935 946
f 935 947 946
f 935 936 947
f 936 948 947
f 936 937 948
f 937 949 948
f 937 938 949
f 938 950 949
f 938 939 950
f 939 951 950
f 939 940 951
f 940 952 951
f 940 941 952
f 941 953 952
f 941 942 953
f 942 954 953
f 942 943 954
f 943 955 954
f 943 944 955
f 944 956 955
f 944 933 956
f 933 945 956
f 945 946 957
f 946 958 957
f 946 947 958
f 947 959 958
f 947 948 959
f 948 960 959
f 948 949 960
f 949 961 960
f 949 950 961
f 950 962 961
f 950 951 962
f 951 963 962
f 951 952 963
f 952 964 963
f 952 953 964
f 953 965 964
f 953 954 965
f 954 966 965
f 954 955 966
f 955 967 966
f 955 956 967
f 956 968 967
f 956 945 968
f 945 957 968
f 957 958 969
f 958 959 970
f 959 960 971
f 960 961 972
f 961 962 973
f 962 963 974
f 963 964 975
f 964 965 976
f 965 966 977
f 966 967 978
f 967 968 979
f 968 957 980

o shoulder_R
usemtl hoodie
s 1
v 0.250000 0.000000 1.510000
v 0.250000 0.000000 1.510000
v 0.250000 0.000000 1.510000
v 0.250000 0.000000 1.510000
v 0.250000 0.000000 1.510000
v 0.250000 0.000000 1.510000
v 0.250000 0.000000 1.510000
v 0.250000 0.000000 1.510000
v 0.250000 0.000000 1.510000
v 0.250000 0.000000 1.510000
v 0.250000 0.000000 1.510000
v 0.250000 0.000000 1.510000
v 0.285912 0.000000 1.502763
v 0.281101 0.020521 1.502763
v 0.267956 0.035544 1.502763
v 0.250000 0.041042 1.502763
v 0.232044 0.035544 1.502763
v 0.218899 0.020521 1.502763
v 0.214088 0.000000 1.502763
v 0.218899 -0.020521 1.502763
v 0.232044 -0.035544 1.502763
v 0.250000 -0.041042 1.502763
v 0.267956 -0.035544 1.502763
v 0.281101 -0.020521 1.502763
v 0.317493 0.000000 1.481925
v 0.308450 0.038567 1.481925
v 0.283746 0.066800 1.481925
v 0.250000 0.077135 1.481925
v 0.216254 0.066800 1.481925
v 0.191550 0.038567 1.481925
v 0.182507 0.000000 1.481925
v 0.191550 -0.038567 1.481925
v 0.216254 -0.066800 1.481925
v 0.250000 -0.077135 1.481925
v 0.283746 -0.066800 1.481925
v 0.308450 -0.038567 1.481925
v 0.340933 0.000000 1.450000
v 0.328750 0.051962 1.450000
v 0.295466 0.090000 1.450000
v 0.250000 0.103923 1.450000
v 0.204534 0.090000 1.450000
v 0.171250 0.051962 1.450000
v 0.159067 0.000000 1.450000
v 0.171250 -0.051962 1.450000
v 0.204534 -0.090000 1.450000
v 0.250000 -0.103923 1.450000
v 0.295466 -0.090000 1.450000
v 0.328750 -0.051962 1.450000
v 0.353405 0.000000 1.410838
v 0.339551 0.059088 1.410838
v 0.301702 0.102344 1.410838
v 0.250000 0.118177 1.410838
v 0.198298 0.102344 1.410838
v 0.160449 0.059088 1.410838
v 0.146595 0.000000 1.410838
v 0.160449 -0.059088 1.410838
v 0.198298 -0.102344 1.410838
v 0.250000 -0.118177 1.410838
v 0.301702 -0.102344 1.410838
v 0.339551 -0.059088 1.410838
v 0.353405 0.000000 1.369162
v 0.339551 0.059088 1.369162
v 0.301702 0.102344 1.369162
v 0.250000 0.118177 1.369162
v 0.198298 0.102344 1.369162
v 0.160449 0.059088 1.369162
v 0.146595 0.000000 1.369162
v 0.160449 -0.059088 1.369162
v 0.198298 -0.102344 1.369162
v 0.250000 -0.118177 1.369162
v 0.301702 -0.102344 1.369162
v 0.339551 -0.059088 1.369162
v 0.340933 0.000000 1.330000
v 0.328750 0.051962 1.330000
v 0.295466 0.090000 1.330000
v 0.250000 0.103923 1.330000
v 0.204534 0.090000 1.330000
v 0.171250 0.051962 1.330000
v 0.159067 0.000000 1.330000
v 0.171250 -0.051962 1.330000
v 0.204534 -0.090000 1.330000
v 0.250000 -0.103923 1.330000
v 0.295466 -0.090000 1.330000
v 0.328750 -0.051962 1.330000
v 0.317493 0.000000 1.298075
v 0.308450 0.038567 1.298075
v 0.283746 0.066800 1.298075
v 0.250000 0.077135 1.298075
v 0.216254 0.066800 1.298075
v 0.191550 0.038567 1.298075
v 0.182507 0.000000 1.298075
v 0.191550 -0.038567 1.298075
v 0.216254 -0.066800 1.298075
v 0.250000 -0.077135 1.298075
v 0.283746 -0.066800 1.298075
v 0.308450 -0.038567 1.298075
v 0.285912 0.000000 1.277237
v 0.281101 0.020521 1.277237
v 0.267956 0.035544 1.277237
v 0.250000 0.041042 1.277237
v 0.232044 0.035544 1.277237
v 0.218899 0.020521 1.277237
v 0.214088 0.000000 1.277237
v 0.218899 -0.020521 1.277237
v 0.232044 -0.035544 1.277237
v 0.250000 -0.041042 1.277237
v 0.267956 -0.035544 1.277237
v 0.281101 -0.020521 1.277237
v 0.250000 0.000000 1.270000
v 0.250000 0.000000 1.270000
v 0.250000 0.000000 1.270000
v 0.250000 0.000000 1.270000
v 0.250000 0.000000 1.270000
v 0.250000 0.000000 1.270000
v 0.250000 0.000000 1.270000
v 0.250000 -0.000000 1.270000
v 0.250000 -0.000000 1.270000
v 0.250000 -0.000000 1.270000
v 0.250000 -0.000000 1.270000
v 0.250000 -0.000000 1.270000
f 982 994 993
f 983 995 994
f 984 996 995
f 985 997 996
f 986 998 997
f 987 999 998
f 988 1000 999
f 989 1001 1000
f 990 1002 1001
f 991 1003 1002
f 992 1004 1003
f 981 993 1004
f 993 994 1005
f 994 1006 1005
f 994 995 1006
f 995 1007 1006
f 995 996 1007
f 996 1008 1007
f 996 997 1008
f 997 1009 1008
f 997 998 1009
f 998 1010 1009
f 998 999 1010
f 999 1011 1010
f 999 1000 1011
f 1000 1012 1011
f 1000 1001 1012
f 1001 1013 1012
f 1001 1002 1013
f 1002 1014 1013
f 1002 1003 1014
f 1003 1015 1014
f 1003 1004 1015
f 1004 1016 1015
f 1004 993 1016
f 993 1005 1016
f 1005 1006 1017
f 1006 1018 1017
f 1006 1007 1018
f 1007 1019 1018
f 1007 1008 1019
f 1008 1020 1019
f 1008 1009 1020
f 1009 1021 1020
f 1009 1010 1021
f 1010 1022 1021
f 1010 1011 1022
f 1011 1023 1022
f 1011 1012 1023
f 1012 1024 1023
f 1012 1013 1024
f 1013 1025 1024
f 1013 1014 1025
f 1014 1026 1025
f 1014 1015 1026
f 1015 1027 1026
f 1015 1016 1027
f 1016 1028 1027
f 1016 1005 1028
f 1005 1017 1028
f 1017 1018 1029
f 1018 1030 1029
f 1018 1019 1030
f 1019 1031 1030
f 1019 1020 1031
f 1020 1032 1031
f 1020 1021 1032
f 1021 1033 1032
f 1021 1022 1033
f 1022 1034 1033
f 1022 1023 1034
f 1023 1035 1034
f 1023 1024 1035
f 1024 1036 1035
f 1024 1025 1036
f 1025 1037 1036
f 1025 1026 1037
f 1026 1038 1037
f 1026 1027 1038
f 1027 1039 1038
f 1027 1028 1039
f 1028 1040 1039
f 1028 1017 1040
f 1017 1029 1040
f 1029 1030 1041
f 1030 1042 1041
f 1030 1031 1042
f 1031 1043 1042
f 1031 1032 1043
f 1032 1044 1043
f 1032 1033 1044
f 1033 1045 1044
f 1033 1034 1045
f 1034 1046 1045
f 1034 1035 1046
f 1035 1047 1046
f 1035 1036 1047
f 1036 1048 1047
f 1036 1037 1048
f 1037 1049 1048
f 1037 1038 1049
f 1038 1050 1049
f 1038 1039 1050
f 1039 1051 1050
f 1039 1040 1051
f 1040 1052 1051
f 1040 1029 1052
f 1029 1041 1052
f 1041 1042 1053
f 1042 1054 1053
f 1042 1043 1054
f 1043 1055 1054
f 1043 1044 1055
f 1044 1056 1055
f 1044 1045 1056
f 1045 1057 1056
f 1045 1046 1057
f 1046 1058 1057
f 1046 1047 1058
f 1047 1059 1058
f 1047 1048 1059
f 1048 1060 1059
f 1048 1049 1060
f 1049 1061 1060
f 1049 1050 1061
f 1050 1062 1061
f 1050 1051 1062
f 1051 1063 1062
f 1051 1052 1063
f 1052 1064 1063
f 1052 1041 1064
f 1041 1053 1064
f 1053 1054 1065
f 1054 1066 1065
f 1054 1055 1066
f 1055 1067 1066
f 1055 1056 1067
f 1056 1068 1067
f 1056 1057 1068
f 1057 1069 1068
f 1057 1058 1069
f 1058 1070 1069
f 1058 1059 1070
f 1059 1071 1070
f 1059 1060 1071
f 1060 1072 1071
f 1060 1061 1072
f 1061 1073 1072
f 1061 1062 1073
f 1062 1074 1073
f 1062 1063 1074
f 1063 1075 1074
f 1063 1064 1075
f 1064 1076 1075
f 1064 1053 1076
f 1053 1065 1076
f 1065 1066 1077
f 1066 1078 1077
f 1066 1067 1078
f 1067 1079 1078
f 1067 1068 1079
f 1068 1080 1079
f 1068 1069 1080
f 1069 1081 1080
f 1069 1070 1081
f 1070 1082 1081
f 1070 1071 1082
f 1071 1083 1082
f 1071 1072 1083
f 1072 1084 1083
f 1072 1073 1084
f 1073 1085 1084
f 1073 1074 1085
f 1074 1086 1085
f 1074 1075 1086
f 1075 1087 1086
f 1075 1076 1087
f 1076 1088 1087
f 1076 1065 1088
f 1065 1077 1088
f 1077 1078 1089
f 1078 1079 1090
f 1079 1080 1091
f 1080 1081 1092
f 1081 1082 1093
f 1082 1083 1094
f 1083 1084 1095
f 1084 1085 1096
f 1085 1086 1097
f 1086 1087 1098
f 1087 1088 1099
f 1088 1077 1100

o upper_arm_R
usemtl hoodie
s 1
v 0.333826 0.000000 1.413285
v 0.322388 -0.043493 1.410913
v 0.291553 -0.075332 1.402938
v 0.249585 -0.086986 1.391495
v 0.207727 -0.075332 1.379653
v 0.177197 -0.043493 1.370582
v 0.166174 -0.000000 1.366715
v 0.177612 0.043493 1.369087
v 0.208447 0.075332 1.377062
v 0.250415 0.086986 1.388505
v 0.292273 0.075332 1.400347
v 0.322803 0.043493 1.409418
v 0.395337 -0.005000 1.139538
v 0.385739 -0.041494 1.137548
v 0.359867 -0.068210 1.130856
v 0.324651 -0.077988 1.121255
v 0.289530 -0.068210 1.111318
v 0.263912 -0.041494 1.103707
v 0.254663 -0.005000 1.100462
v 0.264261 0.031494 1.102452
v 0.290133 0.058210 1.109144
v 0.325349 0.067988 1.118745
v 0.360470 0.058210 1.128682
v 0.386088 0.031494 1.136293
v 0.250000 0.000000 1.390000
v 0.325000 -0.005000 1.120000
f 1101 1102 1113
f 1102 1114 1113
f 1125 1101 1102
f 1126 1114 1113
f 1102 1103 1114
f 1103 1115 1114
f 1125 1102 1103
f 1126 1115 1114
f 1103 1104 1115
f 1104 1116 1115
f 1125 1103 1104
f 1126 1116 1115
f 1104 1105 1116
f 1105 1117 1116
f 1125 1104 1105
f 1126 1117 1116
f 1105 1106 1117
f 1106 1118 1117
f 1125 1105 1106
f 1126 1118 1117
f 1106 1107 1118
f 1107 1119 1118
f 1125 1106 1107
f 1126 1119 1118
f 1107 1108 1119
f 1108 1120 1119
f 1125 1107 1108
f 1126 1120 1119
f 1108 1109 1120
f 1109 1121 1120
f 1125 1108 1109
f 1126 1121 1120
f 1109 1110 1121
f 1110 1122 1121
f 1125 1109 1110
f 1126 1122 1121
f 1110 1111 1122
f 1111 1123 1122
f 1125 1110 1111
f 1126 1123 1122
f 1111 1112 1123
f 1112 1124 1123
f 1125 1111 1112
f 1126 1124 1123
f 1112 1101 1124
f 1101 1113 1124
f 1125 1112 1101
f 1126 1113 1124

o elbow_R
usemtl hoodie
s 1
v 0.325000 -0.005000 1.198000
v 0.325000 -0.005000 1.198000
v 0.325000 -0.005000 1.198000
v 0.325000 -0.005000 1.198000
v 0.325000 -0.005000 1.198000
v 0.325000 -0.005000 1.198000
v 0.325000 -0.005000 1.198000
v 0.325000 -0.005000 1.198000
v 0.325000 -0.005000 1.198000
v 0.325000 -0.005000 1.198000
v 0.356240 -0.005000 1.190276
v 0.350273 0.012852 1.190276
v 0.334654 0.023885 1.190276
v 0.315346 0.023885 1.190276
v 0.299727 0.012852 1.190276
v 0.293760 -0.005000 1.190276
v 0.299727 -0.022852 1.190276
v 0.315346 -0.033885 1.190276
v 0.334654 -0.033885 1.190276
v 0.350273 -0.022852 1.190276
v 0.381292 -0.005000 1.168632
v 0.370541 0.027168 1.168632
v 0.342395 0.047050 1.168632
v 0.307605 0.047050 1.168632
v 0.279459 0.027168 1.168632
v 0.268708 -0.005000 1.168632
v 0.279459 -0.037168 1.168632
v 0.307605 -0.057050 1.168632
v 0.342395 -0.057050 1.168632
v 0.370541 -0.037168 1.168632
v 0.395195 -0.005000 1.137357
v 0.381789 0.035113 1.137357
v 0.346691 0.059905 1.137357
v 0.303309 0.059905 1.137357
v 0.268211 0.035113 1.137357
v 0.254805 -0.005000 1.137357
v 0.268211 -0.045113 1.137357
v 0.303309 -0.069905 1.137357
v 0.346691 -0.069905 1.137357
v 0.381789 -0.045113 1.137357
v 0.395195 -0.005000 1.102643
v 0.381789 0.035113 1.102643
v 0.346691 0.059905 1.102643
v 0.303309 0.059905 1.102643
v 0.268211 0.035113 1.102643
v 0.254805 -0.005000 1.102643
v 0.268211 -0.045113 1.102643
v 0.303309 -0.069905 1.102643
v 0.346691 -0.069905 1.102643
v 0.381789 -0.045113 1.102643
v 0.381292 -0.005000 1.071368
v 0.370541 0.027168 1.071368
v 0.342395 0.047050 1.071368
v 0.307605 0.047050 1.071368
v 0.279459 0.027168 1.071368
v 0.268708 -0.005000 1.071368
v 0.279459 -0.037168 1.071368
v 0.307605 -0.057050 1.071368
v 0.342395 -0.057050 1.071368
v 0.370541 -0.037168 1.071368
v 0.356240 -0.005000 1.049724
v 0.350273 0.012852 1.049724
v 0.334654 0.023885 1.049724
v 0.315346 0.023885 1.049724
v 0.299727 0.012852 1.049724
v 0.293760 -0.005000 1.049724
v 0.299727 -0.022852 1.049724
v 0.315346 -0.033885 1.049724
v 0.334654 -0.033885 1.049724
v 0.350273 -0.022852 1.049724
v 0.325000 -0.005000 1.042000
v 0.325000 -0.005000 1.042000
v 0.325000 -0.005000 1.042000
v 0.325000 -0.005000 1.042000
v 0.325000 -0.005000 1.042000
v 0.325000 -0.005000 1.042000
v 0.325000 -0.005000 1.042000
v 0.325000 -0.005000 1.042000
v 0.325000 -0.005000 1.042000
v 0.325000 -0.005000 1.042000
f 1128 1138 1137
f 1129 1139 1138
f 1130 1140 1139
f 1131 1141 1140
f 1132 1142 1141
f 1133 1143 1142
f 1134 1144 1143
f 1135 1145 1144
f 1136 1146 1145
f 1127 1137 1146
f 1137 1138 1147
f 1138 1148 1147
f 1138 1139 1148
f 1139 1149 1148
f 1139 1140 1149
f 1140 1150 1149
f 1140 1141 1150
f 1141 1151 1150
f 1141 1142 1151
f 1142 1152 1151
f 1142 1143 1152
f 1143 1153 1152
f 1143 1144 1153
f 1144 1154 1153
f 1144 1145 1154
f 1145 1155 1154
f 1145 1146 1155
f 1146 1156 1155
f 1146 1137 1156
f 1137 1147 1156
f 1147 1148 1157
f 1148 1158 1157
f 1148 1149 1158
f 1149 1159 1158
f 1149 1150 1159
f 1150 1160 1159
f 1150 1151 1160
f 1151 1161 1160
f 1151 1152 1161
f 1152 1162 1161
f 1152 1153 1162
f 1153 1163 1162
f 1153 1154 1163
f 1154 1164 1163
f 1154 1155 1164
f 1155 1165 1164
f 1155 1156 1165
f 1156 1166 1165
f 1156 1147 1166
f 1147 1157 1166
f 1157 1158 1167
f 1158 1168 1167
f 1158 1159 1168
f 1159 1169 1168
f 1159 1160 1169
f 1160 1170 1169
f 1160 1161 1170
f 1161 1171 1170
f 1161 1162 1171
f 1162 1172 1171
f 1162 1163 1172
f 1163 1173 1172
f 1163 1164 1173
f 1164 1174 1173
f 1164 1165 1174
f 1165 1175 1174
f 1165 1166 1175
f 1166 1176 1175
f 1166 1157 1176
f 1157 1167 1176
f 1167 1168 1177
f 1168 1178 1177
f 1168 1169 1178
f 1169 1179 1178
f 1169 1170 1179
f 1170 1180 1179
f 1170 1171 1180
f 1171 1181 1180
f 1171 1172 1181
f 1172 1182 1181
f 1172 1173 1182
f 1173 1183 1182
f 1173 1174 1183
f 1174 1184 1183
f 1174 1175 1184
f 1175 1185 1184
f 1175 1176 1185
f 1176 1186 1185
f 1176 1167 1186
f 1167 1177 1186
f 1177 1178 1187
f 1178 1188 1187
f 1178 1179 1188
f 1179 1189 1188
f 1179 1180 1189
f 1180 1190 1189
f 1180 1181 1190
f 1181 1191 1190
f 1181 1182 1191
f 1182 1192 1191
f 1182 1183 1192
f 1183 1193 1192
f 1183 1184 1193
f 1184 1194 1193
f 1184 1185 1194
f 1185 1195 1194
f 1185 1186 1195
f 1186 1196 1195
f 1186 1177 1196
f 1177 1187 1196
f 1187 1188 1197
f 1188 1189 1198
f 1189 1190 1199
f 1190 1191 1200
f 1191 1192 1201
f 1192 1193 1202
f 1193 1194 1203
f 1194 1195 1204
f 1195 1196 1205
f 1196 1187 1206

o forearm_R
usemtl hoodie
s 1
v 0.392716 -0.005000 1.102265
v 0.385634 -0.039107 1.112240
v 0.362305 -0.064075 1.124295
v 0.328981 -0.073214 1.135199
v 0.294589 -0.064075 1.142030
v 0.268347 -0.039107 1.142959
v 0.257284 -0.005000 1.137735
v 0.264366 0.029107 1.127760
v 0.287695 0.054075 1.115705
v 0.321019 0.063214 1.104801
v 0.355411 0.054075 1.097970
v 0.381653 0.029107 1.097041
v 0.324173 -0.055000 0.895812
v 0.318507 -0.082286 0.903792
v 0.299844 -0.102260 0.913436
v 0.273185 -0.109571 0.922159
v 0.245671 -0.102260 0.927624
v 0.224677 -0.082286 0.928367
v 0.215827 -0.055000 0.924188
v 0.221493 -0.027714 0.916208
v 0.240156 -0.007740 0.906564
v 0.266815 -0.000429 0.897841
v 0.294329 -0.007740 0.892376
v 0.315323 -0.027714 0.891633
v 0.325000 -0.005000 1.120000
v 0.270000 -0.055000 0.910000
f 1207 1208 1219
f 1208 1220 1219
f 1231 1207 1208
f 1232 1220 1219
f 1208 1209 1220
f 1209 1221 1220
f 1231 1208 1209
f 1232 1221 1220
f 1209 1210 1221
f 1210 1222 1221
f 1231 1209 1210
f 1232 1222 1221
f 1210 1211 1222
f 1211 1223 1222
f 1231 1210 1211
f 1232 1223 1222
f 1211 1212 1223
f 1212 1224 1223
f 1231 1211 1212
f 1232 1224 1223
f 1212 1213 1224
f 1213 1225 1224
f 1231 1212 1213
f 1232 1225 1224
f 1213 1214 1225
f 1214 1226 1225
f 1231 1213 1214
f 1232 1226 1225
f 1214 1215 1226
f 1215 1227 1226
f 1231 1214 1215
f 1232 1227 1226
f 1215 1216 1227
f 1216 1228 1227
f 1231 1215 1216
f 1232 1228 1227
f 1216 1217 1228
f 1217 1229 1228
f 1231 1216 1217
f 1232 1229 1228
f 1217 1218 1229
f 1218 1230 1229
f 1231 1217 1218
f 1232 1230 1229
f 1218 1207 1230
f 1207 1219 1230
f 1231 1218 1207
f 1232 1219 1230

o hand_R
usemtl skin
s 1
v 0.270000 -0.060000 0.945000
v 0.270000 -0.060000 0.945000
v 0.270000 -0.060000 0.945000
v 0.270000 -0.060000 0.945000
v 0.270000 -0.060000 0.945000
v 0.270000 -0.060000 0.945000
v 0.270000 -0.060000 0.945000
v 0.270000 -0.060000 0.945000
v 0.270000 -0.060000 0.945000
v 0.270000 -0.060000 0.945000
v 0.270000 -0.060000 0.945000
v 0.270000 -0.060000 0.945000
v 0.291048 -0.060000 0.937769
v 0.288228 -0.053112 0.937769
v 0.280524 -0.048069 0.937769
v 0.270000 -0.046223 0.937769
v 0.259476 -0.048069 0.937769
v 0.251772 -0.053112 0.937769
v 0.248952 -0.060000 0.937769
v 0.251772 -0.066888 0.937769
v 0.259476 -0.071931 0.937769
v 0.270000 -0.073777 0.937769
v 0.280524 -0.071931 0.937769
v 0.288228 -0.066888 0.937769
v 0.308891 -0.060000 0.917175
v 0.303680 -0.047272 0.917175
v 0.289445 -0.037955 0.917175
v 0.270000 -0.034544 0.917175
v 0.250555 -0.037955 0.917175
v 0.236320 -0.047272 0.917175
v 0.231109 -0.060000 0.917175
v 0.236320 -0.072728 0.917175
v 0.250555 -0.082045 0.917175
v 0.270000 -0.085456 0.917175
v 0.289445 -0.082045 0.917175
v 0.303680 -0.072728 0.917175
v 0.320813 -0.060000 0.886355
v 0.314006 -0.043370 0.886355
v 0.295407 -0.031196 0.886355
v 0.270000 -0.026740 0.886355
v 0.244593 -0.031196 0.886355
v 0.225994 -0.043370 0.886355
v 0.219187 -0.060000 0.886355
v 0.225994 -0.076630 0.886355
v 0.244593 -0.088804 0.886355
v 0.270000 -0.093260 0.886355
v 0.295407 -0.088804 0.886355
v 0.314006 -0.076630 0.886355
v 0.325000 -0.060000 0.850000
v 0.317631 -0.042000 0.850000
v 0.297500 -0.028823 0.850000
v 0.270000 -0.024000 0.850000
v 0.242500 -0.028823 0.850000
v 0.222369 -0.042000 0.850000
v 0.215000 -0.060000 0.850000
v 0.222369 -0.078000 0.850000
v 0.242500 -0.091177 0.850000
v 0.270000 -0.096000 0.850000
v 0.297500 -0.091177 0.850000
v 0.317631 -0.078000 0.850000
v 0.320813 -0.060000 0.813645
v 0.314006 -0.043370 0.813645
v 0.295407 -0.031196 0.813645
v 0.270000 -0.026740 0.813645
v 0.244593 -0.031196 0.813645
v 0.225994 -0.043370 0.813645
v 0.219187 -0.060000 0.813645
v 0.225994 -0.076630 0.813645
v 0.244593 -0.088804 0.813645
v 0.270000 -0.093260 0.813645
v 0.295407 -0.088804 0.813645
v 0.314006 -0.076630 0.813645
v 0.308891 -0.060000 0.782825
v 0.303680 -0.047272 0.782825
v 0.289445 -0.037955 0.782825
v 0.270000 -0.034544 0.782825
v 0.250555 -0.037955 0.782825
v 0.236320 -0.047272 0.782825
v 0.231109 -0.060000 0.782825
v 0.236320 -0.072728 0.782825
v 0.250555 -0.082045 0.782825
v 0.270000 -0.085456 0.782825
v 0.289445 -0.082045 0.782825
v 0.303680 -0.072728 0.782825
v 0.291048 -0.060000 0.762231
v 0.288228 -0.053112 0.762231
v 0.280524 -0.048069 0.762231
v 0.270000 -0.046223 0.762231
v 0.259476 -0.048069 0.762231
v 0.251772 -0.053112 0.762231
v 0.248952 -0.060000 0.762231
v 0.251772 -0.066888 0.762231
v 0.259476 -0.071931 0.762231
v 0.270000 -0.073777 0.762231
v 0.280524 -0.071931 0.762231
v 0.288228 -0.066888 0.762231
v 0.270000 -0.060000 0.755000
v 0.270000 -0.060000 0.755000
v 0.270000 -0.060000 0.755000
v 0.270000 -0.060000 0.755000
v 0.270000 -0.060000 0.755000
v 0.270000 -0.060000 0.755000
v 0.270000 -0.060000 0.755000
v 0.270000 -0.060000 0.755000
v 0.270000 -0.060000 0.755000
v 0.270000 -0.060000 0.755000
v 0.270000 -0.060000 0.755000
v 0.270000 -0.060000 0.755000
f 1234 1246 1245
f 1235 1247 1246
f 1236 1248 1247
f 1237 1249 1248
f 1238 1250 1249
f 1239 1251 1250
f 1240 1252 1251
f 1241 1253 1252
f 1242 1254 1253
f 1243 1255 1254
f 1244 1256 1255
f 1233 1245 1256
f 1245 1246 1257
f 1246 1258 1257
f 1246 1247 1258
f 1247 1259 1258
f 1247 1248 1259
f 1248 1260 1259
f 1248 1249 1260
f 1249 1261 1260
f 1249 1250 1261
f 1250 1262 1261
f 1250 1251 1262
f 1251 1263 1262
f 1251 1252 1263
f 1252 1264 1263
f 1252 1253 1264
f 1253 1265 1264
f 1253 1254 1265
f 1254 1266 1265
f 1254 1255 1266
f 1255 1267 1266
f 1255 1256 1267
f 1256 1268 1267
f 1256 1245 1268
f 1245 1257 1268
f 1257 1258 1269
f 1258 1270 1269
f 1258 1259 1270
f 1259 1271 1270
f 1259 1260 1271
f 1260 1272 1271
f 1260 1261 1272
f 1261 1273 1272
f 1261 1262 1273
f 1262 1274 1273
f 1262 1263 1274
f 1263 1275 1274
f 1263 1264 1275
f 1264 1276 1275
f 1264 1265 1276
f 1265 1277 1276
f 1265 1266 1277
f 1266 1278 1277
f 1266 1267 1278
f 1267 1279 1278
f 1267 1268 1279
f 1268 1280 1279
f 1268 1257 1280
f 1257 1269 1280
f 1269 1270 1281
f 1270 1282 1281
f 1270 1271 1282
f 1271 1283 1282
f 1271 1272 1283
f 1272 1284 1283
f 1272 1273 1284
f 1273 1285 1284
f 1273 1274 1285
f 1274 1286 1285
f 1274 1275 1286
f 1275 1287 1286
f 1275 1276 1287
f 1276 1288 1287
f 1276 1277 1288
f 1277 1289 1288
f 1277 1278 1289
f 1278 1290 1289
f 1278 1279 1290
f 1279 1291 1290
f 1279 1280 1291
f 1280 1292 1291
f 1280 1269 1292
f 1269 1281 1292
f 1281 1282 1293
f 1282 1294 1293
f 1282 1283 1294
f 1283 1295 1294
f 1283 1284 1295
f 1284 1296 1295
f 1284 1285 1296
f 1285 1297 1296
f 1285 1286 1297
f 1286 1298 1297
f 1286 1287 1298
f 1287 1299 1298
f 1287 1288 1299
f 1288 1300 1299
f 1288 1289 1300
f 1289 1301 1300
f 1289 1290 1301
f 1290 1302 1301
f 1290 1291 1302
f 1291 1303 1302
f 1291 1292 1303
f 1292 1304 1303
f 1292 1281 1304
f 1281 1293 1304
f 1293 1294 1305
f 1294 1306 1305
f 1294 1295 1306
f 1295 1307 1306
f 1295 1296 1307
f 1296 1308 1307
f 1296 1297 1308
f 1297 1309 1308
f 1297 1298 1309
f 1298 1310 1309
f 1298 1299 1310
f 1299 1311 1310
f 1299 1300 1311
f 1300 1312 1311
f 1300 1301 1312
f 1301 1313 1312
f 1301 1302 1313
f 1302 1314 1313
f 1302 1303 1314
f 1303 1315 1314
f 1303 1304 1315
f 1304 1316 1315
f 1304 1293 1316
f 1293 1305 1316
f 1305 1306 1317
f 1306 1318 1317
f 1306 1307 1318
f 1307 1319 1318
f 1307 1308 1319
f 1308 1320 1319
f 1308 1309 1320
f 1309 1321 1320
f 1309 1310 1321
f 1310 1322 1321
f 1310 1311 1322
f 1311 1323 1322
f 1311 1312 1323
f 1312 1324 1323
f 1312 1313 1324
f 1313 1325 1324
f 1313 1314 1325
f 1314 1326 1325
f 1314 1315 1326
f 1315 1327 1326
f 1315 1316 1327
f 1316 1328 1327
f 1316 1305 1328
f 1305 1317 1328
f 1317 1318 1329
f 1318 1319 1330
f 1319 1320 1331
f 1320 1321 1332
f 1321 1322 1333
f 1322 1323 1334
f 1323 1324 1335
f 1324 1325 1336
f 1325 1326 1337
f 1326 1327 1338
f 1327 1328 1339
f 1328 1317 1340

o head
usemtl skin
s 1
v 0.000000 -0.004000 1.868000
v 0.000000 -0.004000 1.868000
v 0.000000 -0.004000 1.868000
v 0.000000 -0.004000 1.868000
v 0.000000 -0.004000 1.868000
v 0.000000 -0.004000 1.868000
v 0.000000 -0.004000 1.868000
v 0.000000 -0.004000 1.868000
v 0.000000 -0.004000 1.868000
v 0.000000 -0.004000 1.868000
v 0.000000 -0.004000 1.868000
v 0.000000 -0.004000 1.868000
v 0.000000 -0.004000 1.868000
v 0.000000 -0.004000 1.868000
v 0.000000 -0.004000 1.868000
v 0.000000 -0.004000 1.868000
v 0.000000 -0.004000 1.868000
v 0.000000 -0.004000 1.868000
v 0.000000 -0.004000 1.868000
v 0.000000 -0.004000 1.868000
v 0.027697 -0.004000 1.863286
v 0.026342 0.003291 1.863286
v 0.022408 0.009868 1.863286
v 0.016280 0.015088 1.863286
v 0.008559 0.018439 1.863286
v 0.000000 0.019594 1.863286
v -0.008559 0.018439 1.863286
v -0.016280 0.015088 1.863286
v -0.022408 0.009868 1.863286
v -0.026342 0.003291 1.863286
v -0.027697 -0.004000 1.863286
v -0.026342 -0.011291 1.863286
v -0.022408 -0.017868 1.863286
v -0.016280 -0.023088 1.863286
v -0.008559 -0.026439 1.863286
v -0.000000 -0.027594 1.863286
v 0.008559 -0.026439 1.863286
v 0.016280 -0.023088 1.863286
v 0.022408 -0.017868 1.863286
v 0.026342 -0.011291 1.863286
v 0.054352 -0.004000 1.849382
v 0.051692 0.010308 1.849382
v 0.043972 0.023215 1.849382
v 0.031948 0.033458 1.849382
v 0.016796 0.040034 1.849382
v 0.000000 0.042300 1.849382
v -0.016796 0.040034 1.849382
v -0.031948 0.033458 1.849382
v -0.043972 0.023215 1.849382
v -0.051692 0.010308 1.849382
v -0.054352 -0.004000 1.849382
v -0.051692 -0.018308 1.849382
v -0.043972 -0.031215 1.849382
v -0.031948 -0.041458 1.849382
v -0.016796 -0.048034 1.849382
v -0.000000 -0.050300 1.849382
v 0.016796 -0.048034 1.849382
v 0.031948 -0.041458 1.849382
v 0.043972 -0.031215 1.849382
v 0.051692 -0.018308 1.849382
v 0.078907 -0.004000 1.826984
v 0.075045 0.016771 1.826984
v 0.063837 0.035509 1.826984
v 0.046380 0.050379 1.826984
v 0.024383 0.059927 1.826984
v 0.000000 0.063217 1.826984
v -0.024383 0.059927 1.826984
v -0.046380 0.050379 1.826984
v -0.063837 0.035509 1.826984
v -0.075045 0.016771 1.826984
v -0.078907 -0.004000 1.826984
v -0.075045 -0.024771 1.826984
v -0.063837 -0.043509 1.826984
v -0.046380 -0.058379 1.826984
v -0.024383 -0.067927 1.826984
v -0.000000 -0.071217 1.826984
v 0.024383 -0.067927 1.826984
v 0.046380 -0.058379 1.826984
v 0.063837 -0.043509 1.826984
v 0.075045 -0.024771 1.826984
v 0.100283 -0.004000 1.797216
v 0.095374 0.022398 1.797216
v 0.081130 0.046212 1.797216
v 0.058945 0.065111 1.797216
v 0.030989 0.077245 1.797216
v 0.000000 0.081426 1.797216
v -0.030989 0.077245 1.797216
v -0.058945 0.065111 1.797216
v -0.081130 0.046212 1.797216
v -0.095374 0.022398 1.797216
v -0.100283 -0.004000 1.797216
v -0.095374 -0.030398 1.797216
v -0.081130 -0.054212 1.797216
v -0.058945 -0.073111 1.797216
v -0.030989 -0.085245 1.797216
v -0.000000 -0.089426 1.797216
v 0.030989 -0.085245 1.797216
v 0.058945 -0.073111 1.797216
v 0.081130 -0.054212 1.797216
v 0.095374 -0.030398 1.797216
v 0.117409 -0.004000 1.761570
v 0.111663 0.026906 1.761570
v 0.094986 0.054787 1.761570
v 0.069011 0.076914 1.761570
v 0.036281 0.091120 1.761570
v 0.000000 0.096015 1.761570
v -0.036281 0.091120 1.761570
v -0.069011 0.076914 1.761570
v -0.094986 0.054787 1.761570
v -0.111663 0.026906 1.761570
v -0.117409 -0.004000 1.761570
v -0.111663 -0.034906 1.761570
v -0.094986 -0.062787 1.761570
v -0.069011 -0.084914 1.761570
v -0.036281 -0.099120 1.761570
v -0.000000 -0.104015 1.761570
v 0.036281 -0.099120 1.761570
v 0.069011 -0.084914 1.761570
v 0.094986 -0.062787 1.761570
v 0.111663 -0.034906 1.761570
v 0.129272 -0.004000 1.721834
v 0.122945 0.030029 1.721834
v 0.104583 0.060727 1.721834
v 0.075984 0.085090 1.721834
v 0.039947 0.100731 1.721834
v 0.000000 0.106121 1.721834
v -0.039947 0.100731 1.721834
v -0.075984 0.085090 1.721834
v -0.104583 0.060727 1.721834
v -0.122945 0.030029 1.721834
v -0.129272 -0.004000 1.721834
v -0.122945 -0.038029 1.721834
v -0.104583 -0.068727 1.721834
v -0.075984 -0.093090 1.721834
v -0.039947 -0.108731 1.721834
v -0.000000 -0.114121 1.721834
v 0.039947 -0.108731 1.721834
v 0.075984 -0.093090 1.721834
v 0.104583 -0.068727 1.721834
v 0.122945 -0.038029 1.721834
v 0.135000 -0.004000 1.680000
v 0.128393 0.031537 1.680000
v 0.109217 0.063595 1.680000
v 0.079351 0.089037 1.680000
v 0.041717 0.105371 1.680000
v 0.000000 0.111000 1.680000
v -0.041717 0.105371 1.680000
v -0.079351 0.089037 1.680000
v -0.109217 0.063595 1.680000
v -0.128393 0.031537 1.680000
v -0.135000 -0.004000 1.680000
v -0.128393 -0.039537 1.680000
v -0.109217 -0.071595 1.680000
v -0.079351 -0.097037 1.680000
v -0.041717 -0.113371 1.680000
v -0.000000 -0.119000 1.680000
v 0.041717 -0.113371 1.680000
v 0.079351 -0.097037 1.680000
v 0.109217 -0.071595 1.680000
v 0.128393 -0.039537 1.680000
v 0.131615 -0.004000 1.638166
v 0.125174 0.030646 1.638166
v 0.106479 0.061901 1.638166
v 0.077362 0.086704 1.638166
v 0.040671 0.102629 1.638166
v 0.000000 0.108117 1.638166
v -0.040671 0.102629 1.638166
v -0.077362 0.086704 1.638166
v -0.106479 0.061901 1.638166
v -0.125174 0.030646 1.638166
v -0.131615 -0.004000 1.638166
v -0.125174 -0.038646 1.638166
v -0.106479 -0.069901 1.638166
v -0.077362 -0.094704 1.638166
v -0.040671 -0.110629 1.638166
v -0.000000 -0.116117 1.638166
v 0.040671 -0.110629 1.638166
v 0.077362 -0.094704 1.638166
v 0.106479 -0.069901 1.638166
v 0.125174 -0.038646 1.638166
v 0.121631 -0.004000 1.598430
v 0.115678 0.028018 1.598430
v 0.098401 0.056901 1.598430
v 0.071493 0.079823 1.598430
v 0.037586 0.094540 1.598430
v 0.000000 0.099611 1.598430
v -0.037586 0.094540 1.598430
v -0.071493 0.079823 1.598430
v -0.098401 0.056901 1.598430
v -0.115678 0.028018 1.598430
v -0.121631 -0.004000 1.598430
v -0.115678 -0.036018 1.598430
v -0.098401 -0.064901 1.598430
v -0.071493 -0.087823 1.598430
v -0.037586 -0.102540 1.598430
v -0.000000 -0.107611 1.598430
v 0.037586 -0.102540 1.598430
v 0.071493 -0.087823 1.598430
v 0.098401 -0.064901 1.598430
v 0.115678 -0.036018 1.598430
v 0.105547 -0.004000 1.562784
v 0.100381 0.023784 1.562784
v 0.085390 0.048848 1.562784
v 0.062039 0.068739 1.562784
v 0.032616 0.081510 1.562784
v 0.000000 0.085911 1.562784
v -0.032616 0.081510 1.562784
v -0.062039 0.068739 1.562784
v -0.085390 0.048848 1.562784
v -0.100381 0.023784 1.562784
v -0.105547 -0.004000 1.562784
v -0.100381 -0.031784 1.562784
v -0.085390 -0.056848 1.562784
v -0.062039 -0.076739 1.562784
v -0.032616 -0.089510 1.562784
v -0.000000 -0.093911 1.562784
v 0.032616 -0.089510 1.562784
v 0.062039 -0.076739 1.562784
v 0.085390 -0.056848 1.562784
v 0.100381 -0.031784 1.562784
v 0.084171 -0.004000 1.533016
v 0.080051 0.018157 1.533016
v 0.068096 0.038145 1.533016
v 0.049475 0.054008 1.533016
v 0.026010 0.064192 1.533016
v 0.000000 0.067701 1.533016
v -0.026010 0.064192 1.533016
v -0.049475 0.054008 1.533016
v -0.068096 0.038145 1.533016
v -0.080051 0.018157 1.533016
v -0.084171 -0.004000 1.533016
v -0.080051 -0.026157 1.533016
v -0.068096 -0.046145 1.533016
v -0.049475 -0.062008 1.533016
v -0.026010 -0.072192 1.533016
v -0.000000 -0.075701 1.533016
v 0.026010 -0.072192 1.533016
v 0.049475 -0.062008 1.533016
v 0.068096 -0.046145 1.533016
v 0.080051 -0.026157 1.533016
v 0.058574 -0.004000 1.510618
v 0.055707 0.011419 1.510618
v 0.047388 0.025329 1.510618
v 0.034429 0.036367 1.510618
v 0.018100 0.043455 1.510618
v 0.000000 0.045897 1.510618
v -0.018100 0.043455 1.510618
v -0.034429 0.036367 1.510618
v -0.047388 0.025329 1.510618
v -0.055707 0.011419 1.510618
v -0.058574 -0.004000 1.510618
v -0.055707 -0.019419 1.510618
v -0.047388 -0.033329 1.510618
v -0.034429 -0.044367 1.510618
v -0.018100 -0.051455 1.510618
v -0.000000 -0.053897 1.510618
v 0.018100 -0.051455 1.510618
v 0.034429 -0.044367 1.510618
v 0.047388 -0.033329 1.510618
v 0.055707 -0.019419 1.510618
v 0.030040 -0.004000 1.496714
v 0.028570 0.003908 1.496714
v 0.024303 0.011041 1.496714
v 0.017657 0.016703 1.496714
v 0.009283 0.020337 1.496714
v 0.000000 0.021590 1.496714
v -0.009283 0.020337 1.496714
v -0.017657 0.016703 1.496714
v -0.024303 0.011041 1.496714
v -0.028570 0.003908 1.496714
v -0.030040 -0.004000 1.496714
v -0.028570 -0.011908 1.496714
v -0.024303 -0.019041 1.496714
v -0.017657 -0.024703 1.496714
v -0.009283 -0.028337 1.496714
v -0.000000 -0.029590 1.496714
v 0.009283 -0.028337 1.496714
v 0.017657 -0.024703 1.496714
v 0.024303 -0.019041 1.496714
v 0.028570 -0.011908 1.496714
v 0.000000 -0.004000 1.492000
v 0.000000 -0.004000 1.492000
v 0.000000 -0.004000 1.492000
v 0.000000 -0.004000 1.492000
v 0.000000 -0.004000 1.492000
v 0.000000 -0.004000 1.492000
v -0.000000 -0.004000 1.492000
v -0.000000 -0.004000 1.492000
v -0.000000 -0.004000 1.492000
v -0.000000 -0.004000 1.492000
v -0.000000 -0.004000 1.492000
v -0.000000 -0.004000 1.492000
v -0.000000 -0.004000 1.492000
v -0.000000 -0.004000 1.492000
v -0.000000 -0.004000 1.492000
v -0.000000 -0.004000 1.492000
v 0.000000 -0.004000 1.492000
v 0.000000 -0.004000 1.492000
v 0.000000 -0.004000 1.492000
v 0.000000 -0.004000 1.492000
f 1342 1362 1361
f 1343 1363 1362
f 1344 1364 1363
f 1345 1365 1364
f 1346 1366 1365
f 1347 1367 1366
f 1348 1368 1367
f 1349 1369 1368
f 1350 1370 1369
f 1351 1371 1370
f 1352 1372 1371
f 1353 1373 1372
f 1354 1374 1373
f 1355 1375 1374
f 1356 1376 1375
f 1357 1377 1376
f 1358 1378 1377
f 1359 1379 1378
f 1360 1380 1379
f 1341 1361 1380
f 1361 1362 1381
f 1362 1382 1381
f 1362 1363 1382
f 1363 1383 1382
f 1363 1364 1383
f 1364 1384 1383
f 1364 1365 1384
f 1365 1385 1384
f 1365 1366 1385
f 1366 1386 1385
f 1366 1367 1386
f 1367 1387 1386
f 1367 1368 1387
f 1368 1388 1387
f 1368 1369 1388
f 1369 1389 1388
f 1369 1370 1389
f 1370 1390 1389
f 1370 1371 1390
f 1371 1391 1390
f 1371 1372 1391
f 1372 1392 1391
f 1372 1373 1392
f 1373 1393 1392
f 1373 1374 1393
f 1374 1394 1393
f 1374 1375 1394
f 1375 1395 1394
f 1375 1376 1395
f 1376 1396 1395
f 1376 1377 1396
f 1377 1397 1396
f 1377 1378 1397
f 1378 1398 1397
f 1378 1379 1398
f 1379 1399 1398
f 1379 1380 1399
f 1380 1400 1399
f 1380 1361 1400
f 1361 1381 1400
f 1381 1382 1401
f 1382 1402 1401
f 1382 1383 1402
f 1383 1403 1402
f 1383 1384 1403
f 1384 1404 1403
f 1384 1385 1404
f 1385 1405 1404
f 1385 1386 1405
f 1386 1406 1405
f 1386 1387 1406
f 1387 1407 1406
f 1387 1388 1407
f 1388 1408 1407
f 1388 1389 1408
f 1389 1409 1408
f 1389 1390 1409
f 1390 1410 1409
f 1390 1391 1410
f 1391 1411 1410
f 1391 1392 1411
f 1392 1412 1411
f 1392 1393 1412
f 1393 1413 1412
f 1393 1394 1413
f 1394 1414 1413
f 1394 1395 1414
f 1395 1415 1414
f 1395 1396 1415
f 1396 1416 1415
f 1396 1397 1416
f 1397 1417 1416
f 1397 1398 1417
f 1398 1418 1417
f 1398 1399 1418
f 1399 1419 1418
f 1399 1400 1419
f 1400 1420 1419
f 1400 1381 1420
f 1381 1401 1420
f 1401 1402 1421
f 1402 1422 1421
f 1402 1403 1422
f 1403 1423 1422
f 1403 1404 1423
f 1404 1424 1423
f 1404 1405 1424
f 1405 1425 1424
f 1405 1406 1425
f 1406 1426 1425
f 1406 1407 1426
f 1407 1427 1426
f 1407 1408 1427
f 1408 1428 1427
f 1408 1409 1428
f 1409 1429 1428
f 1409 1410 1429
f 1410 1430 1429
f 1410 1411 1430
f 1411 1431 1430
f 1411 1412 1431
f 1412 1432 1431
f 1412 1413 1432
f 1413 1433 1432
f 1413 1414 1433
f 1414 1434 1433
f 1414 1415 1434
f 1415 1435 1434
f 1415 1416 1435
f 1416 1436 1435
f 1416 1417 1436
f 1417 1437 1436
f 1417 1418 1437
f 1418 1438 1437
f 1418 1419 1438
f 1419 1439 1438
f 1419 1420 1439
f 1420 1440 1439
f 1420 1401 1440
f 1401 1421 1440
f 1421 1422 1441
f 1422 1442 1441
f 1422 1423 1442
f 1423 1443 1442
f 1423 1424 1443
f 1424 1444 1443
f 1424 1425 1444
f 1425 1445 1444
f 1425 1426 1445
f 1426 1446 1445
f 1426 1427 1446
f 1427 1447 1446
f 1427 1428 1447
f 1428 1448 1447
f 1428 1429 1448
f 1429 1449 1448
f 1429 1430 1449
f 1430 1450 1449
f 1430 1431 1450
f 1431 1451 1450
f 1431 1432 1451
f 1432 1452 1451
f 1432 1433 1452
f 1433 1453 1452
f 1433 1434 1453
f 1434 1454 1453
f 1434 1435 1454
f 1435 1455 1454
f 1435 1436 1455
f 1436 1456 1455
f 1436 1437 1456
f 1437 1457 1456
f 1437 1438 1457
f 1438 1458 1457
f 1438 1439 1458
f 1439 1459 1458
f 1439 1440 1459
f 1440 1460 1459
f 1440 1421 1460
f 1421 1441 1460
f 1441 1442 1461
f 1442 1462 1461
f 1442 1443 1462
f 1443 1463 1462
f 1443 1444 1463
f 1444 1464 1463
f 1444 1445 1464
f 1445 1465 1464
f 1445 1446 1465
f 1446 1466 1465
f 1446 1447 1466
f 1447 1467 1466
f 1447 1448 1467
f 1448 1468 1467
f 1448 1449 1468
f 1449 1469 1468
f 1449 1450 1469
f 1450 1470 1469
f 1450 1451 1470
f 1451 1471 1470
f 1451 1452 1471
f 1452 1472 1471
f 1452 1453 1472
f 1453 1473 1472
f 1453 1454 1473
f 1454 1474 1473
f 1454 1455 1474
f 1455 1475 1474
f 1455 1456 1475
f 1456 1476 1475
f 1456 1457 1476
f 1457 1477 1476
f 1457 1458 1477
f 1458 1478 1477
f 1458 1459 1478
f 1459 1479 1478
f 1459 1460 1479
f 1460 1480 1479
f 1460 1441 1480
f 1441 1461 1480
f 1461 1462 1481
f 1462 1482 1481
f 1462 1463 1482
f 1463 1483 1482
f 1463 1464 1483
f 1464 1484 1483
f 1464 1465 1484
f 1465 1485 1484
f 1465 1466 1485
f 1466 1486 1485
f 1466 1467 1486
f 1467 1487 1486
f 1467 1468 1487
f 1468 1488 1487
f 1468 1469 1488
f 1469 1489 1488
f 1469 1470 1489
f 1470 1490 1489
f 1470 1471 1490
f 1471 1491 1490
f 1471 1472 1491
f 1472 1492 1491
f 1472 1473 1492
f 1473 1493 1492
f 1473 1474 1493
f 1474 1494 1493
f 1474 1475 1494
f 1475 1495 1494
f 1475 1476 1495
f 1476 1496 1495
f 1476 1477 1496
f 1477 1497 1496
f 1477 1478 1497
f 1478 1498 1497
f 1478 1479 1498
f 1479 1499 1498
f 1479 1480 1499
f 1480 1500 1499
f 1480 1461 1500
f 1461 1481 1500
f 1481 1482 1501
f 1482 1502 1501
f 1482 1483 1502
f 1483 1503 1502
f 1483 1484 1503
f 1484 1504 1503
f 1484 1485 1504
f 1485 1505 1504
f 1485 1486 1505
f 1486 1506 1505
f 1486 1487 1506
f 1487 1507 1506
f 1487 1488 1507
f 1488 1508 1507
f 1488 1489 1508
f 1489 1509 1508
f 1489 1490 1509
f 1490 1510 1509
f 1490 1491 1510
f 1491 1511 1510
f 1491 1492 1511
f 1492 1512 1511
f 1492 1493 1512
f 1493 1513 1512
f 1493 1494 1513
f 1494 1514 1513
f 1494 1495 1514
f 1495 1515 1514
f 1495 1496 1515
f 1496 1516 1515
f 1496 1497 1516
f 1497 1517 1516
f 1497 1498 1517
f 1498 1518 1517
f 1498 1499 1518
f 1499 1519 1518
f 1499 1500 1519
f 1500 1520 1519
f 1500 1481 1520
f 1481 1501 1520
f 1501 1502 1521
f 1502 1522 1521
f 1502 1503 1522
f 1503 1523 1522
f 1503 1504 1523
f 1504 1524 1523
f 1504 1505 1524
f 1505 1525 1524
f 1505 1506 1525
f 1506 1526 1525
f 1506 1507 1526
f 1507 1527 1526
f 1507 1508 1527
f 1508 1528 1527
f 1508 1509 1528
f 1509 1529 1528
f 1509 1510 1529
f 1510 1530 1529
f 1510 1511 1530
f 1511 1531 1530
f 1511 1512 1531
f 1512 1532 1531
f 1512 1513 1532
f 1513 1533 1532
f 1513 1514 1533
f 1514 1534 1533
f 1514 1515 1534
f 1515 1535 1534
f 1515 1516 1535
f 1516 1536 1535
f 1516 1517 1536
f 1517 1537 1536
f 1517 1518 1537
f 1518 1538 1537
f 1518 1519 1538
f 1519 1539 1538
f 1519 1520 1539
f 1520 1540 1539
f 1520 1501 1540
f 1501 1521 1540
f 1521 1522 1541
f 1522 1542 1541
f 1522 1523 1542
f 1523 1543 1542
f 1523 1524 1543
f 1524 1544 1543
f 1524 1525 1544
f 1525 1545 1544
f 1525 1526 1545
f 1526 1546 1545
f 1526 1527 1546
f 1527 1547 1546
f 1527 1528 1547
f 1528 1548 1547
f 1528 1529 1548
f 1529 1549 1548
f 1529 1530 1549
f 1530 1550 1549
f 1530 1531 1550
f 1531 1551 1550
f 1531 1532 1551
f 1532 1552 1551
f 1532 1533 1552
f 1533 1553 1552
f 1533 1534 1553
f 1534 1554 1553
f 1534 1535 1554
f 1535 1555 1554
f 1535 1536 1555
f 1536 1556 1555
f 1536 1537 1556
f 1537 1557 1556
f 1537 1538 1557
f 1538 1558 1557
f 1538 1539 1558
f 1539 1559 1558
f 1539 1540 1559
f 1540 1560 1559
f 1540 1521 1560
f 1521 1541 1560
f 1541 1542 1561
f 1542 1562 1561
f 1542 1543 1562
f 1543 1563 1562
f 1543 1544 1563
f 1544 1564 1563
f 1544 1545 1564
f 1545 1565 1564
f 1545 1546 1565
f 1546 1566 1565
f 1546 1547 1566
f 1547 1567 1566
f 1547 1548 1567
f 1548 1568 1567
f 1548 1549 1568
f 1549 1569 1568
f 1549 1550 1569
f 1550 1570 1569
f 1550 1551 1570
f 1551 1571 1570
f 1551 1552 1571
f 1552 1572 1571
f 1552 1553 1572
f 1553 1573 1572
f 1553 1554 1573
f 1554 1574 1573
f 1554 1555 1574
f 1555 1575 1574
f 1555 1556 1575
f 1556 1576 1575
f 1556 1557 1576
f 1557 1577 1576
f 1557 1558 1577
f 1558 1578 1577
f 1558 1559 1578
f 1559 1579 1578
f 1559 1560 1579
f 1560 1580 1579
f 1560 1541 1580
f 1541 1561 1580
f 1561 1562 1581
f 1562 1582 1581
f 1562 1563 1582
f 1563 1583 1582
f 1563 1564 1583
f 1564 1584 1583
f 1564 1565 1584
f 1565 1585 1584
f 1565 1566 1585
f 1566 1586 1585
f 1566 1567 1586
f 1567 1587 1586
f 1567 1568 1587
f 1568 1588 1587
f 1568 1569 1588
f 1569 1589 1588
f 1569 1570 1589
f 1570 1590 1589
f 1570 1571 1590
f 1571 1591 1590
f 1571 1572 1591
f 1572 1592 1591
f 1572 1573 1592
f 1573 1593 1592
f 1573 1574 1593
f 1574 1594 1593
f 1574 1575 1594
f 1575 1595 1594
f 1575 1576 1595
f 1576 1596 1595
f 1576 1577 1596
f 1577 1597 1596
f 1577 1578 1597
f 1578 1598 1597
f 1578 1579 1598
f 1579 1599 1598
f 1579 1580 1599
f 1580 1600 1599
f 1580 1561 1600
f 1561 1581 1600
f 1581 1582 1601
f 1582 1602 1601
f 1582 1583 1602
f 1583 1603 1602
f 1583 1584 1603
f 1584 1604 1603
f 1584 1585 1604
f 1585 1605 1604
f 1585 1586 1605
f 1586 1606 1605
f 1586 1587 1606
f 1587 1607 1606
f 1587 1588 1607
f 1588 1608 1607
f 1588 1589 1608
f 1589 1609 1608
f 1589 1590 1609
f 1590 1610 1609
f 1590 1591 1610
f 1591 1611 1610
f 1591 1592 1611
f 1592 1612 1611
f 1592 1593 1612
f 1593 1613 1612
f 1593 1594 1613
f 1594 1614 1613
f 1594 1595 1614
f 1595 1615 1614
f 1595 1596 1615
f 1596 1616 1615
f 1596 1597 1616
f 1597 1617 1616
f 1597 1598 1617
f 1598 1618 1617
f 1598 1599 1618
f 1599 1619 1618
f 1599 1600 1619
f 1600 1620 1619
f 1600 1581 1620
f 1581 1601 1620
f 1601 1602 1621
f 1602 1603 1622
f 1603 1604 1623
f 1604 1605 1624
f 1605 1606 1625
f 1606 1607 1626
f 1607 1608 1627
f 1608 1609 1628
f 1609 1610 1629
f 1610 1611 1630
f 1611 1612 1631
f 1612 1613 1632
f 1613 1614 1633
f 1614 1615 1634
f 1615 1616 1635
f 1616 1617 1636
f 1617 1618 1637
f 1618 1619 1638
f 1619 1620 1639
f 1620 1601 1640

o nose
usemtl skin_shadow
s 1
v 0.000000 -0.117000 1.742000
v 0.000000 -0.117000 1.742000
v 0.000000 -0.117000 1.742000
v 0.000000 -0.117000 1.742000
v 0.000000 -0.117000 1.742000
v 0.000000 -0.117000 1.742000
v 0.000000 -0.117000 1.742000
v 0.000000 -0.117000 1.742000
v 0.000000 -0.117000 1.742000
v 0.000000 -0.117000 1.742000
v 0.009545 -0.117000 1.736850
v 0.007722 -0.109349 1.736850
v 0.002950 -0.104621 1.736850
v -0.002950 -0.104621 1.736850
v -0.007722 -0.109349 1.736850
v -0.009545 -0.117000 1.736850
v -0.007722 -0.124651 1.736850
v -0.002950 -0.129379 1.736850
v 0.002950 -0.129379 1.736850
v 0.007722 -0.124651 1.736850
v 0.017200 -0.117000 1.722421
v 0.013915 -0.103214 1.722421
v 0.005315 -0.094693 1.722421
v -0.005315 -0.094693 1.722421
v -0.013915 -0.103214 1.722421
v -0.017200 -0.117000 1.722421
v -0.013915 -0.130786 1.722421
v -0.005315 -0.139307 1.722421
v 0.005315 -0.139307 1.722421
v 0.013915 -0.130786 1.722421
v 0.021448 -0.117000 1.701571
v 0.017352 -0.099809 1.701571
v 0.006628 -0.089184 1.701571
v -0.006628 -0.089184 1.701571
v -0.017352 -0.099809 1.701571
v -0.021448 -0.117000 1.701571
v -0.017352 -0.134191 1.701571
v -0.006628 -0.144816 1.701571
v 0.006628 -0.144816 1.701571
v 0.017352 -0.134191 1.701571
v 0.021448 -0.117000 1.678429
v 0.017352 -0.099809 1.678429
v 0.006628 -0.089184 1.678429
v -0.006628 -0.089184 1.678429
v -0.017352 -0.099809 1.678429
v -0.021448 -0.117000 1.678429
v -0.017352 -0.134191 1.678429
v -0.006628 -0.144816 1.678429
v 0.006628 -0.144816 1.678429
v 0.017352 -0.134191 1.678429
v 0.017200 -0.117000 1.657579
v 0.013915 -0.103214 1.657579
v 0.005315 -0.094693 1.657579
v -0.005315 -0.094693 1.657579
v -0.013915 -0.103214 1.657579
v -0.017200 -0.117000 1.657579
v -0.013915 -0.130786 1.657579
v -0.005315 -0.139307 1.657579
v 0.005315 -0.139307 1.657579
v 0.013915 -0.130786 1.657579
v 0.009545 -0.117000 1.643150
v 0.007722 -0.109349 1.643150
v 0.002950 -0.104621 1.643150
v -0.002950 -0.104621 1.643150
v -0.007722 -0.109349 1.643150
v -0.009545 -0.117000 1.643150
v -0.007722 -0.124651 1.643150
v -0.002950 -0.129379 1.643150
v 0.002950 -0.129379 1.643150
v 0.007722 -0.124651 1.643150
v 0.000000 -0.117000 1.638000
v 0.000000 -0.117000 1.638000
v 0.000000 -0.117000 1.638000
v -0.000000 -0.117000 1.638000
v -0.000000 -0.117000 1.638000
v -0.000000 -0.117000 1.638000
v -0.000000 -0.117000 1.638000
v -0.000000 -0.117000 1.638000
v 0.000000 -0.117000 1.638000
v 0.000000 -0.117000 1.638000
f 1642 1652 1651
f 1643 1653 1652
f 1644 1654 1653
f 1645 1655 1654
f 1646 1656 1655
f 1647 1657 1656
f 1648 1658 1657
f 1649 1659 1658
f 1650 1660 1659
f 1641 1651 1660
f 1651 1652 1661
f 1652 1662 1661
f 1652 1653 1662
f 1653 1663 1662
f 1653 1654 1663
f 1654 1664 1663
f 1654 1655 1664
f 1655 1665 1664
f 1655 1656 1665
f 1656 1666 1665
f 1656 1657 1666
f 1657 1667 1666
f 1657 1658 1667
f 1658 1668 1667
f 1658 1659 1668
f 1659 1669 1668
f 1659 1660 1669
f 1660 1670 1669
f 1660 1651 1670
f 1651 1661 1670
f 1661 1662 1671
f 1662 1672 1671
f 1662 1663 1672
f 1663 1673 1672
f 1663 1664 1673
f 1664 1674 1673
f 1664 1665 1674
f 1665 1675 1674
f 1665 1666 1675
f 1666 1676 1675
f 1666 1667 1676
f 1667 1677 1676
f 1667 1668 1677
f 1668 1678 1677
f 1668 1669 1678
f 1669 1679 1678
f 1669 1670 1679
f 1670 1680 1679
f 1670 1661 1680
f 1661 1671 1680
f 1671 1672 1681
f 1672 1682 1681
f 1672 1673 1682
f 1673 1683 1682
f 1673 1674 1683
f 1674 1684 1683
f 1674 1675 1684
f 1675 1685 1684
f 1675 1676 1685
f 1676 1686 1685
f 1676 1677 1686
f 1677 1687 1686
f 1677 1678 1687
f 1678 1688 1687
f 1678 1679 1688
f 1679 1689 1688
f 1679 1680 1689
f 1680 1690 1689
f 1680 1671 1690
f 1671 1681 1690
f 1681 1682 1691
f 1682 1692 1691
f 1682 1683 1692
f 1683 1693 1692
f 1683 1684 1693
f 1684 1694 1693
f 1684 1685 1694
f 1685 1695 1694
f 1685 1686 1695
f 1686 1696 1695
f 1686 1687 1696
f 1687 1697 1696
f 1687 1688 1697
f 1688 1698 1697
f 1688 1689 1698
f 1689 1699 1698
f 1689 1690 1699
f 1690 1700 1699
f 1690 1681 1700
f 1681 1691 1700
f 1691 1692 1701
f 1692 1702 1701
f 1692 1693 1702
f 1693 1703 1702
f 1693 1694 1703
f 1694 1704 1703
f 1694 1695 1704
f 1695 1705 1704
f 1695 1696 1705
f 1696 1706 1705
f 1696 1697 1706
f 1697 1707 1706
f 1697 1698 1707
f 1698 1708 1707
f 1698 1699 1708
f 1699 1709 1708
f 1699 1700 1709
f 1700 1710 1709
f 1700 1691 1710
f 1691 1701 1710
f 1701 1702 1711
f 1702 1703 1712
f 1703 1704 1713
f 1704 1705 1714
f 1705 1706 1715
f 1706 1707 1716
f 1707 1708 1717
f 1708 1709 1718
f 1709 1710 1719
f 1710 1701 1720

o left_ear
usemtl skin_shadow
s 1
v -0.145000 -0.002000 1.742000
v -0.145000 -0.002000 1.742000
v -0.145000 -0.002000 1.742000
v -0.145000 -0.002000 1.742000
v -0.145000 -0.002000 1.742000
v -0.145000 -0.002000 1.742000
v -0.145000 -0.002000 1.742000
v -0.145000 -0.002000 1.742000
v -0.145000 -0.002000 1.742000
v -0.145000 -0.002000 1.742000
v -0.134153 -0.002000 1.736850
v -0.136225 0.002591 1.736850
v -0.141648 0.005428 1.736850
v -0.148352 0.005428 1.736850
v -0.153775 0.002591 1.736850
v -0.155847 -0.002000 1.736850
v -0.153775 -0.006591 1.736850
v -0.148352 -0.009428 1.736850
v -0.141648 -0.009428 1.736850
v -0.136225 -0.006591 1.736850
v -0.125454 -0.002000 1.722421
v -0.129187 0.006272 1.722421
v -0.138960 0.011384 1.722421
v -0.151040 0.011384 1.722421
v -0.160813 0.006272 1.722421
v -0.164546 -0.002000 1.722421
v -0.160813 -0.010272 1.722421
v -0.151040 -0.015384 1.722421
v -0.138960 -0.015384 1.722421
v -0.129187 -0.010272 1.722421
v -0.120627 -0.002000 1.701571
v -0.125282 0.008315 1.701571
v -0.137468 0.014690 1.701571
v -0.152532 0.014690 1.701571
v -0.164718 0.008315 1.701571
v -0.169373 -0.002000 1.701571
v -0.164718 -0.012315 1.701571
v -0.152532 -0.018690 1.701571
v -0.137468 -0.018690 1.701571
v -0.125282 -0.012315 1.701571
v -0.120627 -0.002000 1.678429
v -0.125282 0.008315 1.678429
v -0.137468 0.014690 1.678429
v -0.152532 0.014690 1.678429
v -0.164718 0.008315 1.678429
v -0.169373 -0.002000 1.678429
v -0.164718 -0.012315 1.678429
v -0.152532 -0.018690 1.678429
v -0.137468 -0.018690 1.678429
v -0.125282 -0.012315 1.678429
v -0.125454 -0.002000 1.657579
v -0.129187 0.006272 1.657579
v -0.138960 0.011384 1.657579
v -0.151040 0.011384 1.657579
v -0.160813 0.006272 1.657579
v -0.164546 -0.002000 1.657579
v -0.160813 -0.010272 1.657579
v -0.151040 -0.015384 1.657579
v -0.138960 -0.015384 1.657579
v -0.129187 -0.010272 1.657579
v -0.134153 -0.002000 1.643150
v -0.136225 0.002591 1.643150
v -0.141648 0.005428 1.643150
v -0.148352 0.005428 1.643150
v -0.153775 0.002591 1.643150
v -0.155847 -0.002000 1.643150
v -0.153775 -0.006591 1.643150
v -0.148352 -0.009428 1.643150
v -0.141648 -0.009428 1.643150
v -0.136225 -0.006591 1.643150
v -0.145000 -0.002000 1.638000
v -0.145000 -0.002000 1.638000
v -0.145000 -0.002000 1.638000
v -0.145000 -0.002000 1.638000
v -0.145000 -0.002000 1.638000
v -0.145000 -0.002000 1.638000
v -0.145000 -0.002000 1.638000
v -0.145000 -0.002000 1.638000
v -0.145000 -0.002000 1.638000
v -0.145000 -0.002000 1.638000
f 1722 1732 1731
f 1723 1733 1732
f 1724 1734 1733
f 1725 1735 1734
f 1726 1736 1735
f 1727 1737 1736
f 1728 1738 1737
f 1729 1739 1738
f 1730 1740 1739
f 1721 1731 1740
f 1731 1732 1741
f 1732 1742 1741
f 1732 1733 1742
f 1733 1743 1742
f 1733 1734 1743
f 1734 1744 1743
f 1734 1735 1744
f 1735 1745 1744
f 1735 1736 1745
f 1736 1746 1745
f 1736 1737 1746
f 1737 1747 1746
f 1737 1738 1747
f 1738 1748 1747
f 1738 1739 1748
f 1739 1749 1748
f 1739 1740 1749
f 1740 1750 1749
f 1740 1731 1750
f 1731 1741 1750
f 1741 1742 1751
f 1742 1752 1751
f 1742 1743 1752
f 1743 1753 1752
f 1743 1744 1753
f 1744 1754 1753
f 1744 1745 1754
f 1745 1755 1754
f 1745 1746 1755
f 1746 1756 1755
f 1746 1747 1756
f 1747 1757 1756
f 1747 1748 1757
f 1748 1758 1757
f 1748 1749 1758
f 1749 1759 1758
f 1749 1750 1759
f 1750 1760 1759
f 1750 1741 1760
f 1741 1751 1760
f 1751 1752 1761
f 1752 1762 1761
f 1752 1753 1762
f 1753 1763 1762
f 1753 1754 1763
f 1754 1764 1763
f 1754 1755 1764
f 1755 1765 1764
f 1755 1756 1765
f 1756 1766 1765
f 1756 1757 1766
f 1757 1767 1766
f 1757 1758 1767
f 1758 1768 1767
f 1758 1759 1768
f 1759 1769 1768
f 1759 1760 1769
f 1760 1770 1769
f 1760 1751 1770
f 1751 1761 1770
f 1761 1762 1771
f 1762 1772 1771
f 1762 1763 1772
f 1763 1773 1772
f 1763 1764 1773
f 1764 1774 1773
f 1764 1765 1774
f 1765 1775 1774
f 1765 1766 1775
f 1766 1776 1775
f 1766 1767 1776
f 1767 1777 1776
f 1767 1768 1777
f 1768 1778 1777
f 1768 1769 1778
f 1769 1779 1778
f 1769 1770 1779
f 1770 1780 1779
f 1770 1761 1780
f 1761 1771 1780
f 1771 1772 1781
f 1772 1782 1781
f 1772 1773 1782
f 1773 1783 1782
f 1773 1774 1783
f 1774 1784 1783
f 1774 1775 1784
f 1775 1785 1784
f 1775 1776 1785
f 1776 1786 1785
f 1776 1777 1786
f 1777 1787 1786
f 1777 1778 1787
f 1778 1788 1787
f 1778 1779 1788
f 1779 1789 1788
f 1779 1780 1789
f 1780 1790 1789
f 1780 1771 1790
f 1771 1781 1790
f 1781 1782 1791
f 1782 1783 1792
f 1783 1784 1793
f 1784 1785 1794
f 1785 1786 1795
f 1786 1787 1796
f 1787 1788 1797
f 1788 1789 1798
f 1789 1790 1799
f 1790 1781 1800

o right_ear
usemtl skin_shadow
s 1
v 0.145000 -0.002000 1.742000
v 0.145000 -0.002000 1.742000
v 0.145000 -0.002000 1.742000
v 0.145000 -0.002000 1.742000
v 0.145000 -0.002000 1.742000
v 0.145000 -0.002000 1.742000
v 0.145000 -0.002000 1.742000
v 0.145000 -0.002000 1.742000
v 0.145000 -0.002000 1.742000
v 0.145000 -0.002000 1.742000
v 0.155847 -0.002000 1.736850
v 0.153775 0.002591 1.736850
v 0.148352 0.005428 1.736850
v 0.141648 0.005428 1.736850
v 0.136225 0.002591 1.736850
v 0.134153 -0.002000 1.736850
v 0.136225 -0.006591 1.736850
v 0.141648 -0.009428 1.736850
v 0.148352 -0.009428 1.736850
v 0.153775 -0.006591 1.736850
v 0.164546 -0.002000 1.722421
v 0.160813 0.006272 1.722421
v 0.151040 0.011384 1.722421
v 0.138960 0.011384 1.722421
v 0.129187 0.006272 1.722421
v 0.125454 -0.002000 1.722421
v 0.129187 -0.010272 1.722421
v 0.138960 -0.015384 1.722421
v 0.151040 -0.015384 1.722421
v 0.160813 -0.010272 1.722421
v 0.169373 -0.002000 1.701571
v 0.164718 0.008315 1.701571
v 0.152532 0.014690 1.701571
v 0.137468 0.014690 1.701571
v 0.125282 0.008315 1.701571
v 0.120627 -0.002000 1.701571
v 0.125282 -0.012315 1.701571
v 0.137468 -0.018690 1.701571
v 0.152532 -0.018690 1.701571
v 0.164718 -0.012315 1.701571
v 0.169373 -0.002000 1.678429
v 0.164718 0.008315 1.678429
v 0.152532 0.014690 1.678429
v 0.137468 0.014690 1.678429
v 0.125282 0.008315 1.678429
v 0.120627 -0.002000 1.678429
v 0.125282 -0.012315 1.678429
v 0.137468 -0.018690 1.678429
v 0.152532 -0.018690 1.678429
v 0.164718 -0.012315 1.678429
v 0.164546 -0.002000 1.657579
v 0.160813 0.006272 1.657579
v 0.151040 0.011384 1.657579
v 0.138960 0.011384 1.657579
v 0.129187 0.006272 1.657579
v 0.125454 -0.002000 1.657579
v 0.129187 -0.010272 1.657579
v 0.138960 -0.015384 1.657579
v 0.151040 -0.015384 1.657579
v 0.160813 -0.010272 1.657579
v 0.155847 -0.002000 1.643150
v 0.153775 0.002591 1.643150
v 0.148352 0.005428 1.643150
v 0.141648 0.005428 1.643150
v 0.136225 0.002591 1.643150
v 0.134153 -0.002000 1.643150
v 0.136225 -0.006591 1.643150
v 0.141648 -0.009428 1.643150
v 0.148352 -0.009428 1.643150
v 0.153775 -0.006591 1.643150
v 0.145000 -0.002000 1.638000
v 0.145000 -0.002000 1.638000
v 0.145000 -0.002000 1.638000
v 0.145000 -0.002000 1.638000
v 0.145000 -0.002000 1.638000
v 0.145000 -0.002000 1.638000
v 0.145000 -0.002000 1.638000
v 0.145000 -0.002000 1.638000
v 0.145000 -0.002000 1.638000
v 0.145000 -0.002000 1.638000
f 1802 1812 1811
f 1803 1813 1812
f 1804 1814 1813
f 1805 1815 1814
f 1806 1816 1815
f 1807 1817 1816
f 1808 1818 1817
f 1809 1819 1818
f 1810 1820 1819
f 1801 1811 1820
f 1811 1812 1821
f 1812 1822 1821
f 1812 1813 1822
f 1813 1823 1822
f 1813 1814 1823
f 1814 1824 1823
f 1814 1815 1824
f 1815 1825 1824
f 1815 1816 1825
f 1816 1826 1825
f 1816 1817 1826
f 1817 1827 1826
f 1817 1818 1827
f 1818 1828 1827
f 1818 1819 1828
f 1819 1829 1828
f 1819 1820 1829
f 1820 1830 1829
f 1820 1811 1830
f 1811 1821 1830
f 1821 1822 1831
f 1822 1832 1831
f 1822 1823 1832
f 1823 1833 1832
f 1823 1824 1833
f 1824 1834 1833
f 1824 1825 1834
f 1825 1835 1834
f 1825 1826 1835
f 1826 1836 1835
f 1826 1827 1836
f 1827 1837 1836
f 1827 1828 1837
f 1828 1838 1837
f 1828 1829 1838
f 1829 1839 1838
f 1829 1830 1839
f 1830 1840 1839
f 1830 1821 1840
f 1821 1831 1840
f 1831 1832 1841
f 1832 1842 1841
f 1832 1833 1842
f 1833 1843 1842
f 1833 1834 1843
f 1834 1844 1843
f 1834 1835 1844
f 1835 1845 1844
f 1835 1836 1845
f 1836 1846 1845
f 1836 1837 1846
f 1837 1847 1846
f 1837 1838 1847
f 1838 1848 1847
f 1838 1839 1848
f 1839 1849 1848
f 1839 1840 1849
f 1840 1850 1849
f 1840 1831 1850
f 1831 1841 1850
f 1841 1842 1851
f 1842 1852 1851
f 1842 1843 1852
f 1843 1853 1852
f 1843 1844 1853
f 1844 1854 1853
f 1844 1845 1854
f 1845 1855 1854
f 1845 1846 1855
f 1846 1856 1855
f 1846 1847 1856
f 1847 1857 1856
f 1847 1848 1857
f 1848 1858 1857
f 1848 1849 1858
f 1849 1859 1858
f 1849 1850 1859
f 1850 1860 1859
f 1850 1841 1860
f 1841 1851 1860
f 1851 1852 1861
f 1852 1862 1861
f 1852 1853 1862
f 1853 1863 1862
f 1853 1854 1863
f 1854 1864 1863
f 1854 1855 1864
f 1855 1865 1864
f 1855 1856 1865
f 1856 1866 1865
f 1856 1857 1866
f 1857 1867 1866
f 1857 1858 1867
f 1858 1868 1867
f 1858 1859 1868
f 1859 1869 1868
f 1859 1860 1869
f 1860 1870 1869
f 1860 1851 1870
f 1851 1861 1870
f 1861 1862 1871
f 1862 1863 1872
f 1863 1864 1873
f 1864 1865 1874
f 1865 1866 1875
f 1866 1867 1876
f 1867 1868 1877
f 1868 1869 1878
f 1869 1870 1879
f 1870 1861 1880

o eye_L
usemtl eye_white
s 1
v -0.052000 -0.111000 1.740000
v -0.052000 -0.111000 1.740000
v -0.052000 -0.111000 1.740000
v -0.052000 -0.111000 1.740000
v -0.052000 -0.111000 1.740000
v -0.052000 -0.111000 1.740000
v -0.052000 -0.111000 1.740000
v -0.052000 -0.111000 1.740000
v -0.052000 -0.111000 1.740000
v -0.052000 -0.111000 1.740000
v -0.037000 -0.111000 1.737990
v -0.039865 -0.108649 1.737990
v -0.047365 -0.107196 1.737990
v -0.056635 -0.107196 1.737990
v -0.064135 -0.108649 1.737990
v -0.067000 -0.111000 1.737990
v -0.064135 -0.113351 1.737990
v -0.056635 -0.114804 1.737990
v -0.047365 -0.114804 1.737990
v -0.039865 -0.113351 1.737990
v -0.026019 -0.111000 1.732500
v -0.030981 -0.106928 1.732500
v -0.043972 -0.104411 1.732500
v -0.060028 -0.104411 1.732500
v -0.073019 -0.106928 1.732500
v -0.077981 -0.111000 1.732500
v -0.073019 -0.115072 1.732500
v -0.060028 -0.117589 1.732500
v -0.043972 -0.117589 1.732500
v -0.030981 -0.115072 1.732500
v -0.022000 -0.111000 1.725000
v -0.027729 -0.106298 1.725000
v -0.042729 -0.103392 1.725000
v -0.061271 -0.103392 1.725000
v -0.076271 -0.106298 1.725000
v -0.082000 -0.111000 1.725000
v -0.076271 -0.115702 1.725000
v -0.061271 -0.118608 1.725000
v -0.042729 -0.118608 1.725000
v -0.027729 -0.115702 1.725000
v -0.026019 -0.111000 1.717500
v -0.030981 -0.106928 1.717500
v -0.043972 -0.104411 1.717500
v -0.060028 -0.104411 1.717500
v -0.073019 -0.106928 1.717500
v -0.077981 -0.111000 1.717500
v -0.073019 -0.115072 1.717500
v -0.060028 -0.117589 1.717500
v -0.043972 -0.117589 1.717500
v -0.030981 -0.115072 1.717500
v -0.037000 -0.111000 1.712010
v -0.039865 -0.108649 1.712010
v -0.047365 -0.107196 1.712010
v -0.056635 -0.107196 1.712010
v -0.064135 -0.108649 1.712010
v -0.067000 -0.111000 1.712010
v -0.064135 -0.113351 1.712010
v -0.056635 -0.114804 1.712010
v -0.047365 -0.114804 1.712010
v -0.039865 -0.113351 1.712010
v -0.052000 -0.111000 1.710000
v -0.052000 -0.111000 1.710000
v -0.052000 -0.111000 1.710000
v -0.052000 -0.111000 1.710000
v -0.052000 -0.111000 1.710000
v -0.052000 -0.111000 1.710000
v -0.052000 -0.111000 1.710000
v -0.052000 -0.111000 1.710000
v -0.052000 -0.111000 1.710000
v -0.052000 -0.111000 1.710000
f 1882 1892 1891
f 1883 1893 1892
f 1884 1894 1893
f 1885 1895 1894
f 1886 1896 1895
f 1887 1897 1896
f 1888 1898 1897
f 1889 1899 1898
f 1890 1900 1899
f 1881 1891 1900
f 1891 1892 1901
f 1892 1902 1901
f 1892 1893 1902
f 1893 1903 1902
f 1893 1894 1903
f 1894 1904 1903
f 1894 1895 1904
f 1895 1905 1904
f 1895 1896 1905
f 1896 1906 1905
f 1896 1897 1906
f 1897 1907 1906
f 1897 1898 1907
f 1898 1908 1907
f 1898 1899 1908
f 1899 1909 1908
f 1899 1900 1909
f 1900 1910 1909
f 1900 1891 1910
f 1891 1901 1910
f 1901 1902 1911
f 1902 1912 1911
f 1902 1903 1912
f 1903 1913 1912
f 1903 1904 1913
f 1904 1914 1913
f 1904 1905 1914
f 1905 1915 1914
f 1905 1906 1915
f 1906 1916 1915
f 1906 1907 1916
f 1907 1917 1916
f 1907 1908 1917
f 1908 1918 1917
f 1908 1909 1918
f 1909 1919 1918
f 1909 1910 1919
f 1910 1920 1919
f 1910 1901 1920
f 1901 1911 1920
f 1911 1912 1921
f 1912 1922 1921
f 1912 1913 1922
f 1913 1923 1922
f 1913 1914 1923
f 1914 1924 1923
f 1914 1915 1924
f 1915 1925 1924
f 1915 1916 1925
f 1916 1926 1925
f 1916 1917 1926
f 1917 1927 1926
f 1917 1918 1927
f 1918 1928 1927
f 1918 1919 1928
f 1919 1929 1928
f 1919 1920 1929
f 1920 1930 1929
f 1920 1911 1930
f 1911 1921 1930
f 1921 1922 1931
f 1922 1932 1931
f 1922 1923 1932
f 1923 1933 1932
f 1923 1924 1933
f 1924 1934 1933
f 1924 1925 1934
f 1925 1935 1934
f 1925 1926 1935
f 1926 1936 1935
f 1926 1927 1936
f 1927 1937 1936
f 1927 1928 1937
f 1928 1938 1937
f 1928 1929 1938
f 1929 1939 1938
f 1929 1930 1939
f 1930 1940 1939
f 1930 1921 1940
f 1921 1931 1940
f 1931 1932 1941
f 1932 1933 1942
f 1933 1934 1943
f 1934 1935 1944
f 1935 1936 1945
f 1936 1937 1946
f 1937 1938 1947
f 1938 1939 1948
f 1939 1940 1949
f 1940 1931 1950

o iris_L
usemtl iris
s 1
v -0.058000 -0.120000 1.732000
v -0.058000 -0.120000 1.732000
v -0.058000 -0.120000 1.732000
v -0.058000 -0.120000 1.732000
v -0.058000 -0.120000 1.732000
v -0.058000 -0.120000 1.732000
v -0.058000 -0.120000 1.732000
v -0.058000 -0.120000 1.732000
v -0.052122 -0.120000 1.730090
v -0.053844 -0.117922 1.730090
v -0.058000 -0.117061 1.730090
v -0.062156 -0.117922 1.730090
v -0.063878 -0.120000 1.730090
v -0.062156 -0.122078 1.730090
v -0.058000 -0.122939 1.730090
v -0.053844 -0.122078 1.730090
v -0.048489 -0.120000 1.725090
v -0.051275 -0.116638 1.725090
v -0.058000 -0.115245 1.725090
v -0.064725 -0.116638 1.725090
v -0.067511 -0.120000 1.725090
v -0.064725 -0.123362 1.725090
v -0.058000 -0.124755 1.725090
v -0.051275 -0.123362 1.725090
v -0.048489 -0.120000 1.718910
v -0.051275 -0.116638 1.718910
v -0.058000 -0.115245 1.718910
v -0.064725 -0.116638 1.718910
v -0.067511 -0.120000 1.718910
v -0.064725 -0.123362 1.718910
v -0.058000 -0.124755 1.718910
v -0.051275 -0.123362 1.718910
v -0.052122 -0.120000 1.713910
v -0.053844 -0.117922 1.713910
v -0.058000 -0.117061 1.713910
v -0.062156 -0.117922 1.713910
v -0.063878 -0.120000 1.713910
v -0.062156 -0.122078 1.713910
v -0.058000 -0.122939 1.713910
v -0.053844 -0.122078 1.713910
v -0.058000 -0.120000 1.712000
v -0.058000 -0.120000 1.712000
v -0.058000 -0.120000 1.712000
v -0.058000 -0.120000 1.712000
v -0.058000 -0.120000 1.712000
v -0.058000 -0.120000 1.712000
v -0.058000 -0.120000 1.712000
v -0.058000 -0.120000 1.712000
f 1952 1960 1959
f 1953 1961 1960
f 1954 1962 1961
f 1955 1963 1962
f 1956 1964 1963
f 1957 1965 1964
f 1958 1966 1965
f 1951 1959 1966
f 1959 1960 1967
f 1960 1968 1967
f 1960 1961 1968
f 1961 1969 1968
f 1961 1962 1969
f 1962 1970 1969
f 1962 1963 1970
f 1963 1971 1970
f 1963 1964 1971
f 1964 1972 1971
f 1964 1965 1972
f 1965 1973 1972
f 1965 1966 1973
f 1966 1974 1973
f 1966 1959 1974
f 1959 1967 1974
f 1967 1968 1975
f 1968 1976 1975
f 1968 1969 1976
f 1969 1977 1976
f 1969 1970 1977
f 1970 1978 1977
f 1970 1971 1978
f 1971 1979 1978
f 1971 1972 1979
f 1972 1980 1979
f 1972 1973 1980
f 1973 1981 1980
f 1973 1974 1981
f 1974 1982 1981
f 1974 1967 1982
f 1967 1975 1982
f 1975 1976 1983
f 1976 1984 1983
f 1976 1977 1984
f 1977 1985 1984
f 1977 1978 1985
f 1978 1986 1985
f 1978 1979 1986
f 1979 1987 1986
f 1979 1980 1987
f 1980 1988 1987
f 1980 1981 1988
f 1981 1989 1988
f 1981 1982 1989
f 1982 1990 1989
f 1982 1975 1990
f 1975 1983 1990
f 1983 1984 1991
f 1984 1985 1992
f 1985 1986 1993
f 1986 1987 1994
f 1987 1988 1995
f 1988 1989 1996
f 1989 1990 1997
f 1990 1983 1998

o pupil_L
usemtl pupil
s 1
v -0.058000 -0.125000 1.727000
v -0.058000 -0.125000 1.727000
v -0.058000 -0.125000 1.727000
v -0.058000 -0.125000 1.727000
v -0.058000 -0.125000 1.727000
v -0.058000 -0.125000 1.727000
v -0.058000 -0.125000 1.727000
v -0.058000 -0.125000 1.727000
v -0.054818 -0.125000 1.725536
v -0.055750 -0.123750 1.725536
v -0.058000 -0.123232 1.725536
v -0.060250 -0.123750 1.725536
v -0.061182 -0.125000 1.725536
v -0.060250 -0.126250 1.725536
v -0.058000 -0.126768 1.725536
v -0.055750 -0.126250 1.725536
v -0.053500 -0.125000 1.722000
v -0.054818 -0.123232 1.722000
v -0.058000 -0.122500 1.722000
v -0.061182 -0.123232 1.722000
v -0.062500 -0.125000 1.722000
v -0.061182 -0.126768 1.722000
v -0.058000 -0.127500 1.722000
v -0.054818 -0.126768 1.722000
v -0.054818 -0.125000 1.718464
v -0.055750 -0.123750 1.718464
v -0.058000 -0.123232 1.718464
v -0.060250 -0.123750 1.718464
v -0.061182 -0.125000 1.718464
v -0.060250 -0.126250 1.718464
v -0.058000 -0.126768 1.718464
v -0.055750 -0.126250 1.718464
v -0.058000 -0.125000 1.717000
v -0.058000 -0.125000 1.717000
v -0.058000 -0.125000 1.717000
v -0.058000 -0.125000 1.717000
v -0.058000 -0.125000 1.717000
v -0.058000 -0.125000 1.717000
v -0.058000 -0.125000 1.717000
v -0.058000 -0.125000 1.717000
f 2000 2008 2007
f 2001 2009 2008
f 2002 2010 2009
f 2003 2011 2010
f 2004 2012 2011
f 2005 2013 2012
f 2006 2014 2013
f 1999 2007 2014
f 2007 2008 2015
f 2008 2016 2015
f 2008 2009 2016
f 2009 2017 2016
f 2009 2010 2017
f 2010 2018 2017
f 2010 2011 2018
f 2011 2019 2018
f 2011 2012 2019
f 2012 2020 2019
f 2012 2013 2020
f 2013 2021 2020
f 2013 2014 2021
f 2014 2022 2021
f 2014 2007 2022
f 2007 2015 2022
f 2015 2016 2023
f 2016 2024 2023
f 2016 2017 2024
f 2017 2025 2024
f 2017 2018 2025
f 2018 2026 2025
f 2018 2019 2026
f 2019 2027 2026
f 2019 2020 2027
f 2020 2028 2027
f 2020 2021 2028
f 2021 2029 2028
f 2021 2022 2029
f 2022 2030 2029
f 2022 2015 2030
f 2015 2023 2030
f 2023 2024 2031
f 2024 2025 2032
f 2025 2026 2033
f 2026 2027 2034
f 2027 2028 2035
f 2028 2029 2036
f 2029 2030 2037
f 2030 2023 2038

o brow_L
usemtl hair
s 1
v -0.088087 -0.136999 1.767000
v -0.088490 -0.135236 1.762779
v -0.088605 -0.130991 1.761031
v -0.088367 -0.126752 1.762779
v -0.087913 -0.125001 1.767000
v -0.087510 -0.126764 1.771221
v -0.087395 -0.131009 1.772969
v -0.087633 -0.135248 1.771221
v -0.019072 -0.136999 1.760000
v -0.019408 -0.135530 1.756483
v -0.019505 -0.131993 1.755026
v -0.019306 -0.128460 1.756483
v -0.018928 -0.127001 1.760000
v -0.018592 -0.128470 1.763517
v -0.018495 -0.132007 1.764974
v -0.018694 -0.135540 1.763517
v -0.088000 -0.131000 1.767000
v -0.019000 -0.132000 1.760000
f 2039 2040 2047
f 2040 2048 2047
f 2055 2039 2040
f 2056 2048 2047
f 2040 2041 2048
f 2041 2049 2048
f 2055 2040 2041
f 2056 2049 2048
f 2041 2042 2049
f 2042 2050 2049
f 2055 2041 2042
f 2056 2050 2049
f 2042 2043 2050
f 2043 2051 2050
f 2055 2042 2043
f 2056 2051 2050
f 2043 2044 2051
f 2044 2052 2051
f 2055 2043 2044
f 2056 2052 2051
f 2044 2045 2052
f 2045 2053 2052
f 2055 2044 2045
f 2056 2053 2052
f 2045 2046 2053
f 2046 2054 2053
f 2055 2045 2046
f 2056 2054 2053
f 2046 2039 2054
f 2039 2047 2054
f 2055 2046 2039
f 2056 2047 2054

o eye_R
usemtl eye_white
s 1
v 0.052000 -0.111000 1.740000
v 0.052000 -0.111000 1.740000
v 0.052000 -0.111000 1.740000
v 0.052000 -0.111000 1.740000
v 0.052000 -0.111000 1.740000
v 0.052000 -0.111000 1.740000
v 0.052000 -0.111000 1.740000
v 0.052000 -0.111000 1.740000
v 0.052000 -0.111000 1.740000
v 0.052000 -0.111000 1.740000
v 0.067000 -0.111000 1.737990
v 0.064135 -0.108649 1.737990
v 0.056635 -0.107196 1.737990
v 0.047365 -0.107196 1.737990
v 0.039865 -0.108649 1.737990
v 0.037000 -0.111000 1.737990
v 0.039865 -0.113351 1.737990
v 0.047365 -0.114804 1.737990
v 0.056635 -0.114804 1.737990
v 0.064135 -0.113351 1.737990
v 0.077981 -0.111000 1.732500
v 0.073019 -0.106928 1.732500
v 0.060028 -0.104411 1.732500
v 0.043972 -0.104411 1.732500
v 0.030981 -0.106928 1.732500
v 0.026019 -0.111000 1.732500
v 0.030981 -0.115072 1.732500
v 0.043972 -0.117589 1.732500
v 0.060028 -0.117589 1.732500
v 0.073019 -0.115072 1.732500
v 0.082000 -0.111000 1.725000
v 0.076271 -0.106298 1.725000
v 0.061271 -0.103392 1.725000
v 0.042729 -0.103392 1.725000
v 0.027729 -0.106298 1.725000
v 0.022000 -0.111000 1.725000
v 0.027729 -0.115702 1.725000
v 0.042729 -0.118608 1.725000
v 0.061271 -0.118608 1.725000
v 0.076271 -0.115702 1.725000
v 0.077981 -0.111000 1.717500
v 0.073019 -0.106928 1.717500
v 0.060028 -0.104411 1.717500
v 0.043972 -0.104411 1.717500
v 0.030981 -0.106928 1.717500
v 0.026019 -0.111000 1.717500
v 0.030981 -0.115072 1.717500
v 0.043972 -0.117589 1.717500
v 0.060028 -0.117589 1.717500
v 0.073019 -0.115072 1.717500
v 0.067000 -0.111000 1.712010
v 0.064135 -0.108649 1.712010
v 0.056635 -0.107196 1.712010
v 0.047365 -0.107196 1.712010
v 0.039865 -0.108649 1.712010
v 0.037000 -0.111000 1.712010
v 0.039865 -0.113351 1.712010
v 0.047365 -0.114804 1.712010
v 0.056635 -0.114804 1.712010
v 0.064135 -0.113351 1.712010
v 0.052000 -0.111000 1.710000
v 0.052000 -0.111000 1.710000
v 0.052000 -0.111000 1.710000
v 0.052000 -0.111000 1.710000
v 0.052000 -0.111000 1.710000
v 0.052000 -0.111000 1.710000
v 0.052000 -0.111000 1.710000
v 0.052000 -0.111000 1.710000
v 0.052000 -0.111000 1.710000
v 0.052000 -0.111000 1.710000
f 2058 2068 2067
f 2059 2069 2068
f 2060 2070 2069
f 2061 2071 2070
f 2062 2072 2071
f 2063 2073 2072
f 2064 2074 2073
f 2065 2075 2074
f 2066 2076 2075
f 2057 2067 2076
f 2067 2068 2077
f 2068 2078 2077
f 2068 2069 2078
f 2069 2079 2078
f 2069 2070 2079
f 2070 2080 2079
f 2070 2071 2080
f 2071 2081 2080
f 2071 2072 2081
f 2072 2082 2081
f 2072 2073 2082
f 2073 2083 2082
f 2073 2074 2083
f 2074 2084 2083
f 2074 2075 2084
f 2075 2085 2084
f 2075 2076 2085
f 2076 2086 2085
f 2076 2067 2086
f 2067 2077 2086
f 2077 2078 2087
f 2078 2088 2087
f 2078 2079 2088
f 2079 2089 2088
f 2079 2080 2089
f 2080 2090 2089
f 2080 2081 2090
f 2081 2091 2090
f 2081 2082 2091
f 2082 2092 2091
f 2082 2083 2092
f 2083 2093 2092
f 2083 2084 2093
f 2084 2094 2093
f 2084 2085 2094
f 2085 2095 2094
f 2085 2086 2095
f 2086 2096 2095
f 2086 2077 2096
f 2077 2087 2096
f 2087 2088 2097
f 2088 2098 2097
f 2088 2089 2098
f 2089 2099 2098
f 2089 2090 2099
f 2090 2100 2099
f 2090 2091 2100
f 2091 2101 2100
f 2091 2092 2101
f 2092 2102 2101
f 2092 2093 2102
f 2093 2103 2102
f 2093 2094 2103
f 2094 2104 2103
f 2094 2095 2104
f 2095 2105 2104
f 2095 2096 2105
f 2096 2106 2105
f 2096 2087 2106
f 2087 2097 2106
f 2097 2098 2107
f 2098 2108 2107
f 2098 2099 2108
f 2099 2109 2108
f 2099 2100 2109
f 2100 2110 2109
f 2100 2101 2110
f 2101 2111 2110
f 2101 2102 2111
f 2102 2112 2111
f 2102 2103 2112
f 2103 2113 2112
f 2103 2104 2113
f 2104 2114 2113
f 2104 2105 2114
f 2105 2115 2114
f 2105 2106 2115
f 2106 2116 2115
f 2106 2097 2116
f 2097 2107 2116
f 2107 2108 2117
f 2108 2109 2118
f 2109 2110 2119
f 2110 2111 2120
f 2111 2112 2121
f 2112 2113 2122
f 2113 2114 2123
f 2114 2115 2124
f 2115 2116 2125
f 2116 2107 2126

o iris_R
usemtl iris
s 1
v 0.050000 -0.120000 1.732000
v 0.050000 -0.120000 1.732000
v 0.050000 -0.120000 1.732000
v 0.050000 -0.120000 1.732000
v 0.050000 -0.120000 1.732000
v 0.050000 -0.120000 1.732000
v 0.050000 -0.120000 1.732000
v 0.050000 -0.120000 1.732000
v 0.055878 -0.120000 1.730090
v 0.054156 -0.117922 1.730090
v 0.050000 -0.117061 1.730090
v 0.045844 -0.117922 1.730090
v 0.044122 -0.120000 1.730090
v 0.045844 -0.122078 1.730090
v 0.050000 -0.122939 1.730090
v 0.054156 -0.122078 1.730090
v 0.059511 -0.120000 1.725090
v 0.056725 -0.116638 1.725090
v 0.050000 -0.115245 1.725090
v 0.043275 -0.116638 1.725090
v 0.040489 -0.120000 1.725090
v 0.043275 -0.123362 1.725090
v 0.050000 -0.124755 1.725090
v 0.056725 -0.123362 1.725090
v 0.059511 -0.120000 1.718910
v 0.056725 -0.116638 1.718910
v 0.050000 -0.115245 1.718910
v 0.043275 -0.116638 1.718910
v 0.040489 -0.120000 1.718910
v 0.043275 -0.123362 1.718910
v 0.050000 -0.124755 1.718910
v 0.056725 -0.123362 1.718910
v 0.055878 -0.120000 1.713910
v 0.054156 -0.117922 1.713910
v 0.050000 -0.117061 1.713910
v 0.045844 -0.117922 1.713910
v 0.044122 -0.120000 1.713910
v 0.045844 -0.122078 1.713910
v 0.050000 -0.122939 1.713910
v 0.054156 -0.122078 1.713910
v 0.050000 -0.120000 1.712000
v 0.050000 -0.120000 1.712000
v 0.050000 -0.120000 1.712000
v 0.050000 -0.120000 1.712000
v 0.050000 -0.120000 1.712000
v 0.050000 -0.120000 1.712000
v 0.050000 -0.120000 1.712000
v 0.050000 -0.120000 1.712000
f 2128 2136 2135
f 2129 2137 2136
f 2130 2138 2137
f 2131 2139 2138
f 2132 2140 2139
f 2133 2141 2140
f 2134 2142 2141
f 2127 2135 2142
f 2135 2136 2143
f 2136 2144 2143
f 2136 2137 2144
f 2137 2145 2144
f 2137 2138 2145
f 2138 2146 2145
f 2138 2139 2146
f 2139 2147 2146
f 2139 2140 2147
f 2140 2148 2147
f 2140 2141 2148
f 2141 2149 2148
f 2141 2142 2149
f 2142 2150 2149
f 2142 2135 2150
f 2135 2143 2150
f 2143 2144 2151
f 2144 2152 2151
f 2144 2145 2152
f 2145 2153 2152
f 2145 2146 2153
f 2146 2154 2153
f 2146 2147 2154
f 2147 2155 2154
f 2147 2148 2155
f 2148 2156 2155
f 2148 2149 2156
f 2149 2157 2156
f 2149 2150 2157
f 2150 2158 2157
f 2150 2143 2158
f 2143 2151 2158
f 2151 2152 2159
f 2152 2160 2159
f 2152 2153 2160
f 2153 2161 2160
f 2153 2154 2161
f 2154 2162 2161
f 2154 2155 2162
f 2155 2163 2162
f 2155 2156 2163
f 2156 2164 2163
f 2156 2157 2164
f 2157 2165 2164
f 2157 2158 2165
f 2158 2166 2165
f 2158 2151 2166
f 2151 2159 2166
f 2159 2160 2167
f 2160 2161 2168
f 2161 2162 2169
f 2162 2163 2170
f 2163 2164 2171
f 2164 2165 2172
f 2165 2166 2173
f 2166 2159 2174

o pupil_R
usemtl pupil
s 1
v 0.050000 -0.125000 1.727000
v 0.050000 -0.125000 1.727000
v 0.050000 -0.125000 1.727000
v 0.050000 -0.125000 1.727000
v 0.050000 -0.125000 1.727000
v 0.050000 -0.125000 1.727000
v 0.050000 -0.125000 1.727000
v 0.050000 -0.125000 1.727000
v 0.053182 -0.125000 1.725536
v 0.052250 -0.123750 1.725536
v 0.050000 -0.123232 1.725536
v 0.047750 -0.123750 1.725536
v 0.046818 -0.125000 1.725536
v 0.047750 -0.126250 1.725536
v 0.050000 -0.126768 1.725536
v 0.052250 -0.126250 1.725536
v 0.054500 -0.125000 1.722000
v 0.053182 -0.123232 1.722000
v 0.050000 -0.122500 1.722000
v 0.046818 -0.123232 1.722000
v 0.045500 -0.125000 1.722000
v 0.046818 -0.126768 1.722000
v 0.050000 -0.127500 1.722000
v 0.053182 -0.126768 1.722000
v 0.053182 -0.125000 1.718464
v 0.052250 -0.123750 1.718464
v 0.050000 -0.123232 1.718464
v 0.047750 -0.123750 1.718464
v 0.046818 -0.125000 1.718464
v 0.047750 -0.126250 1.718464
v 0.050000 -0.126768 1.718464
v 0.052250 -0.126250 1.718464
v 0.050000 -0.125000 1.717000
v 0.050000 -0.125000 1.717000
v 0.050000 -0.125000 1.717000
v 0.050000 -0.125000 1.717000
v 0.050000 -0.125000 1.717000
v 0.050000 -0.125000 1.717000
v 0.050000 -0.125000 1.717000
v 0.050000 -0.125000 1.717000
f 2176 2184 2183
f 2177 2185 2184
f 2178 2186 2185
f 2179 2187 2186
f 2180 2188 2187
f 2181 2189 2188
f 2182 2190 2189
f 2175 2183 2190
f 2183 2184 2191
f 2184 2192 2191
f 2184 2185 2192
f 2185 2193 2192
f 2185 2186 2193
f 2186 2194 2193
f 2186 2187 2194
f 2187 2195 2194
f 2187 2188 2195
f 2188 2196 2195
f 2188 2189 2196
f 2189 2197 2196
f 2189 2190 2197
f 2190 2198 2197
f 2190 2183 2198
f 2183 2191 2198
f 2191 2192 2199
f 2192 2200 2199
f 2192 2193 2200
f 2193 2201 2200
f 2193 2194 2201
f 2194 2202 2201
f 2194 2195 2202
f 2195 2203 2202
f 2195 2196 2203
f 2196 2204 2203
f 2196 2197 2204
f 2197 2205 2204
f 2197 2198 2205
f 2198 2206 2205
f 2198 2191 2206
f 2191 2199 2206
f 2199 2200 2207
f 2200 2201 2208
f 2201 2202 2209
f 2202 2203 2210
f 2203 2204 2211
f 2204 2205 2212
f 2205 2206 2213
f 2206 2199 2214

o brow_R
usemtl hair
s 1
v 0.015913 -0.136999 1.762000
v 0.015510 -0.135236 1.757779
v 0.015395 -0.130991 1.756031
v 0.015633 -0.126752 1.757779
v 0.016087 -0.125001 1.762000
v 0.016490 -0.126764 1.766221
v 0.016605 -0.131009 1.767969
v 0.016367 -0.135248 1.766221
v 0.084928 -0.136999 1.755000
v 0.084592 -0.135530 1.751483
v 0.084495 -0.131993 1.750026
v 0.084694 -0.128460 1.751483
v 0.085072 -0.127001 1.755000
v 0.085408 -0.128470 1.758517
v 0.085505 -0.132007 1.759974
v 0.085306 -0.135540 1.758517
v 0.016000 -0.131000 1.762000
v 0.085000 -0.132000 1.755000
f 2215 2216 2223
f 2216 2224 2223
f 2231 2215 2216
f 2232 2224 2223
f 2216 2217 2224
f 2217 2225 2224
f 2231 2216 2217
f 2232 2225 2224
f 2217 2218 2225
f 2218 2226 2225
f 2231 2217 2218
f 2232 2226 2225
f 2218 2219 2226
f 2219 2227 2226
f 2231 2218 2219
f 2232 2227 2226
f 2219 2220 2227
f 2220 2228 2227
f 2231 2219 2220
f 2232 2228 2227
f 2220 2221 2228
f 2221 2229 2228
f 2231 2220 2221
f 2232 2229 2228
f 2221 2222 2229
f 2222 2230 2229
f 2231 2221 2222
f 2232 2230 2229
f 2222 2215 2230
f 2215 2223 2230
f 2231 2222 2215
f 2232 2223 2230

o mouth
usemtl lip
s 1
v -0.040058 -0.128500 1.635000
v -0.040163 -0.127180 1.631820
v -0.040173 -0.123998 1.630503
v -0.040081 -0.120817 1.631820
v -0.039942 -0.119500 1.635000
v -0.039837 -0.120820 1.638180
v -0.039827 -0.124002 1.639497
v -0.039919 -0.127183 1.638180
v 0.037942 -0.129500 1.632000
v 0.037837 -0.128180 1.628820
v 0.037827 -0.124998 1.627503
v 0.037919 -0.121817 1.628820
v 0.038058 -0.120500 1.632000
v 0.038163 -0.121820 1.635180
v 0.038173 -0.125002 1.636497
v 0.038081 -0.128183 1.635180
v -0.040000 -0.124000 1.635000
v 0.038000 -0.125000 1.632000
f 2233 2234 2241
f 2234 2242 2241
f 2249 2233 2234
f 2250 2242 2241
f 2234 2235 2242
f 2235 2243 2242
f 2249 2234 2235
f 2250 2243 2242
f 2235 2236 2243
f 2236 2244 2243
f 2249 2235 2236
f 2250 2244 2243
f 2236 2237 2244
f 2237 2245 2244
f 2249 2236 2237
f 2250 2245 2244
f 2237 2238 2245
f 2238 2246 2245
f 2249 2237 2238
f 2250 2246 2245
f 2238 2239 2246
f 2239 2247 2246
f 2249 2238 2239
f 2250 2247 2246
f 2239 2240 2247
f 2240 2248 2247
f 2249 2239 2240
f 2250 2248 2247
f 2240 2233 2248
f 2233 2241 2248
f 2249 2240 2233
f 2250 2241 2248

o hair_cap
usemtl hair
s 1
v 0.000000 0.030000 1.920000
v 0.000000 0.030000 1.920000
v 0.000000 0.030000 1.920000
v 0.000000 0.030000 1.920000
v 0.000000 0.030000 1.920000
v 0.000000 0.030000 1.920000
v 0.000000 0.030000 1.920000
v 0.000000 0.030000 1.920000
v 0.000000 0.030000 1.920000
v 0.000000 0.030000 1.920000
v 0.000000 0.030000 1.920000
v 0.000000 0.030000 1.920000
v 0.000000 0.030000 1.920000
v 0.000000 0.030000 1.920000
v 0.000000 0.030000 1.920000
v 0.000000 0.030000 1.920000
v 0.000000 0.030000 1.920000
v 0.000000 0.030000 1.920000
v 0.043571 0.030000 1.914861
v 0.040944 0.040780 1.914861
v 0.033378 0.050260 1.914861
v 0.021786 0.057297 1.914861
v 0.007566 0.061041 1.914861
v -0.007566 0.061041 1.914861
v -0.021786 0.057297 1.914861
v -0.033378 0.050260 1.914861
v -0.040944 0.040780 1.914861
v -0.043571 0.030000 1.914861
v -0.040944 0.019220 1.914861
v -0.033378 0.009740 1.914861
v -0.021786 0.002703 1.914861
v -0.007566 -0.001041 1.914861
v 0.007566 -0.001041 1.914861
v 0.021786 0.002703 1.914861
v 0.033378 0.009740 1.914861
v 0.040944 0.019220 1.914861
v 0.082878 0.030000 1.899947
v 0.077880 0.050506 1.899947
v 0.063488 0.068538 1.899947
v 0.041439 0.081922 1.899947
v 0.014392 0.089043 1.899947
v -0.014392 0.089043 1.899947
v -0.041439 0.081922 1.899947
v -0.063488 0.068538 1.899947
v -0.077880 0.050506 1.899947
v -0.082878 0.030000 1.899947
v -0.077880 0.009494 1.899947
v -0.063488 -0.008538 1.899947
v -0.041439 -0.021922 1.899947
v -0.014392 -0.029043 1.899947
v 0.014392 -0.029043 1.899947
v 0.041439 -0.021922 1.899947
v 0.063488 -0.008538 1.899947
v 0.077880 0.009494 1.899947
v 0.114071 0.030000 1.876717
v 0.107192 0.058223 1.876717
v 0.087384 0.083043 1.876717
v 0.057036 0.101464 1.876717
v 0.019808 0.111266 1.876717
v -0.019808 0.111266 1.876717
v -0.057036 0.101464 1.876717
v -0.087384 0.083043 1.876717
v -0.107192 0.058223 1.876717
v -0.114071 0.030000 1.876717
v -0.107192 0.001777 1.876717
v -0.087384 -0.023043 1.876717
v -0.057036 -0.041464 1.876717
v -0.019808 -0.051266 1.876717
v 0.019808 -0.051266 1.876717
v 0.057036 -0.041464 1.876717
v 0.087384 -0.023043 1.876717
v 0.107192 0.001777 1.876717
v 0.134099 0.030000 1.847447
v 0.126012 0.063179 1.847447
v 0.102726 0.092355 1.847447
v 0.067049 0.114011 1.847447
v 0.023286 0.125534 1.847447
v -0.023286 0.125534 1.847447
v -0.067049 0.114011 1.847447
v -0.102726 0.092355 1.847447
v -0.126012 0.063179 1.847447
v -0.134099 0.030000 1.847447
v -0.126012 -0.003179 1.847447
v -0.102726 -0.032355 1.847447
v -0.067049 -0.054011 1.847447
v -0.023286 -0.065534 1.847447
v 0.023286 -0.065534 1.847447
v 0.067049 -0.054011 1.847447
v 0.102726 -0.032355 1.847447
v 0.126012 -0.003179 1.847447
v 0.141000 0.030000 1.815000
v 0.132497 0.064886 1.815000
v 0.108012 0.095564 1.815000
v 0.070500 0.118335 1.815000
v 0.024484 0.130450 1.815000
v -0.024484 0.130450 1.815000
v -0.070500 0.118335 1.815000
v -0.108012 0.095564 1.815000
v -0.132497 0.064886 1.815000
v -0.141000 0.030000 1.815000
v -0.132497 -0.004886 1.815000
v -0.108012 -0.035564 1.815000
v -0.070500 -0.058335 1.815000
v -0.024484 -0.070450 1.815000
v 0.024484 -0.070450 1.815000
v 0.070500 -0.058335 1.815000
v 0.108012 -0.035564 1.815000
v 0.132497 -0.004886 1.815000
v 0.134099 0.030000 1.782553
v 0.126012 0.063179 1.782553
v 0.102726 0.092355 1.782553
v 0.067049 0.114011 1.782553
v 0.023286 0.125534 1.782553
v -0.023286 0.125534 1.782553
v -0.067049 0.114011 1.782553
v -0.102726 0.092355 1.782553
v -0.126012 0.063179 1.782553
v -0.134099 0.030000 1.782553
v -0.126012 -0.003179 1.782553
v -0.102726 -0.032355 1.782553
v -0.067049 -0.054011 1.782553
v -0.023286 -0.065534 1.782553
v 0.023286 -0.065534 1.782553
v 0.067049 -0.054011 1.782553
v 0.102726 -0.032355 1.782553
v 0.126012 -0.003179 1.782553
v 0.114071 0.030000 1.753283
v 0.107192 0.058223 1.753283
v 0.087384 0.083043 1.753283
v 0.057036 0.101464 1.753283
v 0.019808 0.111266 1.753283
v -0.019808 0.111266 1.753283
v -0.057036 0.101464 1.753283
v -0.087384 0.083043 1.753283
v -0.107192 0.058223 1.753283
v -0.114071 0.030000 1.753283
v -0.107192 0.001777 1.753283
v -0.087384 -0.023043 1.753283
v -0.057036 -0.041464 1.753283
v -0.019808 -0.051266 1.753283
v 0.019808 -0.051266 1.753283
v 0.057036 -0.041464 1.753283
v 0.087384 -0.023043 1.753283
v 0.107192 0.001777 1.753283
v 0.082878 0.030000 1.730053
v 0.077880 0.050506 1.730053
v 0.063488 0.068538 1.730053
v 0.041439 0.081922 1.730053
v 0.014392 0.089043 1.730053
v -0.014392 0.089043 1.730053
v -0.041439 0.081922 1.730053
v -0.063488 0.068538 1.730053
v -0.077880 0.050506 1.730053
v -0.082878 0.030000 1.730053
v -0.077880 0.009494 1.730053
v -0.063488 -0.008538 1.730053
v -0.041439 -0.021922 1.730053
v -0.014392 -0.029043 1.730053
v 0.014392 -0.029043 1.730053
v 0.041439 -0.021922 1.730053
v 0.063488 -0.008538 1.730053
v 0.077880 0.009494 1.730053
v 0.043571 0.030000 1.715139
v 0.040944 0.040780 1.715139
v 0.033378 0.050260 1.715139
v 0.021786 0.057297 1.715139
v 0.007566 0.061041 1.715139
v -0.007566 0.061041 1.715139
v -0.021786 0.057297 1.715139
v -0.033378 0.050260 1.715139
v -0.040944 0.040780 1.715139
v -0.043571 0.030000 1.715139
v -0.040944 0.019220 1.715139
v -0.033378 0.009740 1.715139
v -0.021786 0.002703 1.715139
v -0.007566 -0.001041 1.715139
v 0.007566 -0.001041 1.715139
v 0.021786 0.002703 1.715139
v 0.033378 0.009740 1.715139
v 0.040944 0.019220 1.715139
v 0.000000 0.030000 1.710000
v 0.000000 0.030000 1.710000
v 0.000000 0.030000 1.710000
v 0.000000 0.030000 1.710000
v 0.000000 0.030000 1.710000
v -0.000000 0.030000 1.710000
v -0.000000 0.030000 1.710000
v -0.000000 0.030000 1.710000
v -0.000000 0.030000 1.710000
v -0.000000 0.030000 1.710000
v -0.000000 0.030000 1.710000
v -0.000000 0.030000 1.710000
v -0.000000 0.030000 1.710000
v -0.000000 0.030000 1.710000
v 0.000000 0.030000 1.710000
v 0.000000 0.030000 1.710000
v 0.000000 0.030000 1.710000
v 0.000000 0.030000 1.710000
f 2252 2270 2269
f 2253 2271 2270
f 2254 2272 2271
f 2255 2273 2272
f 2256 2274 2273
f 2257 2275 2274
f 2258 2276 2275
f 2259 2277 2276
f 2260 2278 2277
f 2261 2279 2278
f 2262 2280 2279
f 2263 2281 2280
f 2264 2282 2281
f 2265 2283 2282
f 2266 2284 2283
f 2267 2285 2284
f 2268 2286 2285
f 2251 2269 2286
f 2269 2270 2287
f 2270 2288 2287
f 2270 2271 2288
f 2271 2289 2288
f 2271 2272 2289
f 2272 2290 2289
f 2272 2273 2290
f 2273 2291 2290
f 2273 2274 2291
f 2274 2292 2291
f 2274 2275 2292
f 2275 2293 2292
f 2275 2276 2293
f 2276 2294 2293
f 2276 2277 2294
f 2277 2295 2294
f 2277 2278 2295
f 2278 2296 2295
f 2278 2279 2296
f 2279 2297 2296
f 2279 2280 2297
f 2280 2298 2297
f 2280 2281 2298
f 2281 2299 2298
f 2281 2282 2299
f 2282 2300 2299
f 2282 2283 2300
f 2283 2301 2300
f 2283 2284 2301
f 2284 2302 2301
f 2284 2285 2302
f 2285 2303 2302
f 2285 2286 2303
f 2286 2304 2303
f 2286 2269 2304
f 2269 2287 2304
f 2287 2288 2305
f 2288 2306 2305
f 2288 2289 2306
f 2289 2307 2306
f 2289 2290 2307
f 2290 2308 2307
f 2290 2291 2308
f 2291 2309 2308
f 2291 2292 2309
f 2292 2310 2309
f 2292 2293 2310
f 2293 2311 2310
f 2293 2294 2311
f 2294 2312 2311
f 2294 2295 2312
f 2295 2313 2312
f 2295 2296 2313
f 2296 2314 2313
f 2296 2297 2314
f 2297 2315 2314
f 2297 2298 2315
f 2298 2316 2315
f 2298 2299 2316
f 2299 2317 2316
f 2299 2300 2317
f 2300 2318 2317
f 2300 2301 2318
f 2301 2319 2318
f 2301 2302 2319
f 2302 2320 2319
f 2302 2303 2320
f 2303 2321 2320
f 2303 2304 2321
f 2304 2322 2321
f 2304 2287 2322
f 2287 2305 2322
f 2305 2306 2323
f 2306 2324 2323
f 2306 2307 2324
f 2307 2325 2324
f 2307 2308 2325
f 2308 2326 2325
f 2308 2309 2326
f 2309 2327 2326
f 2309 2310 2327
f 2310 2328 2327
f 2310 2311 2328
f 2311 2329 2328
f 2311 2312 2329
f 2312 2330 2329
f 2312 2313 2330
f 2313 2331 2330
f 2313 2314 2331
f 2314 2332 2331
f 2314 2315 2332
f 2315 2333 2332
f 2315 2316 2333
f 2316 2334 2333
f 2316 2317 2334
f 2317 2335 2334
f 2317 2318 2335
f 2318 2336 2335
f 2318 2319 2336
f 2319 2337 2336
f 2319 2320 2337
f 2320 2338 2337
f 2320 2321 2338
f 2321 2339 2338
f 2321 2322 2339
f 2322 2340 2339
f 2322 2305 2340
f 2305 2323 2340
f 2323 2324 2341
f 2324 2342 2341
f 2324 2325 2342
f 2325 2343 2342
f 2325 2326 2343
f 2326 2344 2343
f 2326 2327 2344
f 2327 2345 2344
f 2327 2328 2345
f 2328 2346 2345
f 2328 2329 2346
f 2329 2347 2346
f 2329 2330 2347
f 2330 2348 2347
f 2330 2331 2348
f 2331 2349 2348
f 2331 2332 2349
f 2332 2350 2349
f 2332 2333 2350
f 2333 2351 2350
f 2333 2334 2351
f 2334 2352 2351
f 2334 2335 2352
f 2335 2353 2352
f 2335 2336 2353
f 2336 2354 2353
f 2336 2337 2354
f 2337 2355 2354
f 2337 2338 2355
f 2338 2356 2355
f 2338 2339 2356
f 2339 2357 2356
f 2339 2340 2357
f 2340 2358 2357
f 2340 2323 2358
f 2323 2341 2358
f 2341 2342 2359
f 2342 2360 2359
f 2342 2343 2360
f 2343 2361 2360
f 2343 2344 2361
f 2344 2362 2361
f 2344 2345 2362
f 2345 2363 2362
f 2345 2346 2363
f 2346 2364 2363
f 2346 2347 2364
f 2347 2365 2364
f 2347 2348 2365
f 2348 2366 2365
f 2348 2349 2366
f 2349 2367 2366
f 2349 2350 2367
f 2350 2368 2367
f 2350 2351 2368
f 2351 2369 2368
f 2351 2352 2369
f 2352 2370 2369
f 2352 2353 2370
f 2353 2371 2370
f 2353 2354 2371
f 2354 2372 2371
f 2354 2355 2372
f 2355 2373 2372
f 2355 2356 2373
f 2356 2374 2373
f 2356 2357 2374
f 2357 2375 2374
f 2357 2358 2375
f 2358 2376 2375
f 2358 2341 2376
f 2341 2359 2376
f 2359 2360 2377
f 2360 2378 2377
f 2360 2361 2378
f 2361 2379 2378
f 2361 2362 2379
f 2362 2380 2379
f 2362 2363 2380
f 2363 2381 2380
f 2363 2364 2381
f 2364 2382 2381
f 2364 2365 2382
f 2365 2383 2382
f 2365 2366 2383
f 2366 2384 2383
f 2366 2367 2384
f 2367 2385 2384
f 2367 2368 2385
f 2368 2386 2385
f 2368 2369 2386
f 2369 2387 2386
f 2369 2370 2387
f 2370 2388 2387
f 2370 2371 2388
f 2371 2389 2388
f 2371 2372 2389
f 2372 2390 2389
f 2372 2373 2390
f 2373 2391 2390
f 2373 2374 2391
f 2374 2392 2391
f 2374 2375 2392
f 2375 2393 2392
f 2375 2376 2393
f 2376 2394 2393
f 2376 2359 2394
f 2359 2377 2394
f 2377 2378 2395
f 2378 2396 2395
f 2378 2379 2396
f 2379 2397 2396
f 2379 2380 2397
f 2380 2398 2397
f 2380 2381 2398
f 2381 2399 2398
f 2381 2382 2399
f 2382 2400 2399
f 2382 2383 2400
f 2383 2401 2400
f 2383 2384 2401
f 2384 2402 2401
f 2384 2385 2402
f 2385 2403 2402
f 2385 2386 2403
f 2386 2404 2403
f 2386 2387 2404
f 2387 2405 2404
f 2387 2388 2405
f 2388 2406 2405
f 2388 2389 2406
f 2389 2407 2406
f 2389 2390 2407
f 2390 2408 2407
f 2390 2391 2408
f 2391 2409 2408
f 2391 2392 2409
f 2392 2410 2409
f 2392 2393 2410
f 2393 2411 2410
f 2393 2394 2411
f 2394 2412 2411
f 2394 2377 2412
f 2377 2395 2412
f 2395 2396 2413
f 2396 2414 2413
f 2396 2397 2414
f 2397 2415 2414
f 2397 2398 2415
f 2398 2416 2415
f 2398 2399 2416
f 2399 2417 2416
f 2399 2400 2417
f 2400 2418 2417
f 2400 2401 2418
f 2401 2419 2418
f 2401 2402 2419
f 2402 2420 2419
f 2402 2403 2420
f 2403 2421 2420
f 2403 2404 2421
f 2404 2422 2421
f 2404 2405 2422
f 2405 2423 2422
f 2405 2406 2423
f 2406 2424 2423
f 2406 2407 2424
f 2407 2425 2424
f 2407 2408 2425
f 2408 2426 2425
f 2408 2409 2426
f 2409 2427 2426
f 2409 2410 2427
f 2410 2428 2427
f 2410 2411 2428
f 2411 2429 2428
f 2411 2412 2429
f 2412 2430 2429
f 2412 2395 2430
f 2395 2413 2430
f 2413 2414 2431
f 2414 2415 2432
f 2415 2416 2433
f 2416 2417 2434
f 2417 2418 2435
f 2418 2419 2436
f 2419 2420 2437
f 2420 2421 2438
f 2421 2422 2439
f 2422 2423 2440
f 2423 2424 2441
f 2424 2425 2442
f 2425 2426 2443
f 2426 2427 2444
f 2427 2428 2445
f 2428 2429 2446
f 2429 2430 2447
f 2430 2413 2448

o fringe_0
usemtl hair
s 1
v -0.105000 -0.104000 1.850000
v -0.105000 -0.104000 1.850000
v -0.105000 -0.104000 1.850000
v -0.105000 -0.104000 1.850000
v -0.105000 -0.104000 1.850000
v -0.105000 -0.104000 1.850000
v -0.105000 -0.104000 1.850000
v -0.105000 -0.104000 1.850000
v -0.105000 -0.104000 1.850000
v -0.084000 -0.104000 1.843971
v -0.088913 -0.096929 1.843971
v -0.101353 -0.093167 1.843971
v -0.115500 -0.094474 1.843971
v -0.124734 -0.100238 1.843971
v -0.124734 -0.107762 1.843971
v -0.115500 -0.113526 1.843971
v -0.101353 -0.114833 1.843971
v -0.088913 -0.111071 1.843971
v -0.068627 -0.104000 1.827500
v -0.077137 -0.091753 1.827500
v -0.098684 -0.085237 1.827500
v -0.123187 -0.087500 1.827500
v -0.139180 -0.097484 1.827500
v -0.139180 -0.110516 1.827500
v -0.123187 -0.120500 1.827500
v -0.098684 -0.122763 1.827500
v -0.077137 -0.116247 1.827500
v -0.063000 -0.104000 1.805000
v -0.072826 -0.089859 1.805000
v -0.097707 -0.082334 1.805000
v -0.126000 -0.084947 1.805000
v -0.144467 -0.096476 1.805000
v -0.144467 -0.111524 1.805000
v -0.126000 -0.123053 1.805000
v -0.097707 -0.125666 1.805000
v -0.072826 -0.118141 1.805000
v -0.068627 -0.104000 1.782500
v -0.077137 -0.091753 1.782500
v -0.098684 -0.085237 1.782500
v -0.123187 -0.087500 1.782500
v -0.139180 -0.097484 1.782500
v -0.139180 -0.110516 1.782500
v -0.123187 -0.120500 1.782500
v -0.098684 -0.122763 1.782500
v -0.077137 -0.116247 1.782500
v -0.084000 -0.104000 1.766029
v -0.088913 -0.096929 1.766029
v -0.101353 -0.093167 1.766029
v -0.115500 -0.094474 1.766029
v -0.124734 -0.100238 1.766029
v -0.124734 -0.107762 1.766029
v -0.115500 -0.113526 1.766029
v -0.101353 -0.114833 1.766029
v -0.088913 -0.111071 1.766029
v -0.105000 -0.104000 1.760000
v -0.105000 -0.104000 1.760000
v -0.105000 -0.104000 1.760000
v -0.105000 -0.104000 1.760000
v -0.105000 -0.104000 1.760000
v -0.105000 -0.104000 1.760000
v -0.105000 -0.104000 1.760000
v -0.105000 -0.104000 1.760000
v -0.105000 -0.104000 1.760000
f 2450 2459 2458
f 2451 2460 2459
f 2452 2461 2460
f 2453 2462 2461
f 2454 2463 2462
f 2455 2464 2463
f 2456 2465 2464
f 2457 2466 2465
f 2449 2458 2466
f 2458 2459 2467
f 2459 2468 2467
f 2459 2460 2468
f 2460 2469 2468
f 2460 2461 2469
f 2461 2470 2469
f 2461 2462 2470
f 2462 2471 2470
f 2462 2463 2471
f 2463 2472 2471
f 2463 2464 2472
f 2464 2473 2472
f 2464 2465 2473
f 2465 2474 2473
f 2465 2466 2474
f 2466 2475 2474
f 2466 2458 2475
f 2458 2467 2475
f 2467 2468 2476
f 2468 2477 2476
f 2468 2469 2477
f 2469 2478 2477
f 2469 2470 2478
f 2470 2479 2478
f 2470 2471 2479
f 2471 2480 2479
f 2471 2472 2480
f 2472 2481 2480
f 2472 2473 2481
f 2473 2482 2481
f 2473 2474 2482
f 2474 2483 2482
f 2474 2475 2483
f 2475 2484 2483
f 2475 2467 2484
f 2467 2476 2484
f 2476 2477 2485
f 2477 2486 2485
f 2477 2478 2486
f 2478 2487 2486
f 2478 2479 2487
f 2479 2488 2487
f 2479 2480 2488
f 2480 2489 2488
f 2480 2481 2489
f 2481 2490 2489
f 2481 2482 2490
f 2482 2491 2490
f 2482 2483 2491
f 2483 2492 2491
f 2483 2484 2492
f 2484 2493 2492
f 2484 2476 2493
f 2476 2485 2493
f 2485 2486 2494
f 2486 2495 2494
f 2486 2487 2495
f 2487 2496 2495
f 2487 2488 2496
f 2488 2497 2496
f 2488 2489 2497
f 2489 2498 2497
f 2489 2490 2498
f 2490 2499 2498
f 2490 2491 2499
f 2491 2500 2499
f 2491 2492 2500
f 2492 2501 2500
f 2492 2493 2501
f 2493 2502 2501
f 2493 2485 2502
f 2485 2494 2502
f 2494 2495 2503
f 2495 2496 2504
f 2496 2497 2505
f 2497 2498 2506
f 2498 2499 2507
f 2499 2500 2508
f 2500 2501 2509
f 2501 2502 2510
f 2502 2494 2511

o fringe_1
usemtl hair
s 1
v -0.058000 -0.118000 1.835000
v -0.058000 -0.118000 1.835000
v -0.058000 -0.118000 1.835000
v -0.058000 -0.118000 1.835000
v -0.058000 -0.118000 1.835000
v -0.058000 -0.118000 1.835000
v -0.058000 -0.118000 1.835000
v -0.058000 -0.118000 1.835000
v -0.058000 -0.118000 1.835000
v -0.037000 -0.118000 1.828971
v -0.041913 -0.110929 1.828971
v -0.054353 -0.107167 1.828971
v -0.068500 -0.108474 1.828971
v -0.077734 -0.114238 1.828971
v -0.077734 -0.121762 1.828971
v -0.068500 -0.127526 1.828971
v -0.054353 -0.128833 1.828971
v -0.041913 -0.125071 1.828971
v -0.021627 -0.118000 1.812500
v -0.030137 -0.105753 1.812500
v -0.051684 -0.099237 1.812500
v -0.076187 -0.101500 1.812500
v -0.092180 -0.111484 1.812500
v -0.092180 -0.124516 1.812500
v -0.076187 -0.134500 1.812500
v -0.051684 -0.136763 1.812500
v -0.030137 -0.130247 1.812500
v -0.016000 -0.118000 1.790000
v -0.025826 -0.103859 1.790000
v -0.050707 -0.096334 1.790000
v -0.079000 -0.098947 1.790000
v -0.097467 -0.110476 1.790000
v -0.097467 -0.125524 1.790000
v -0.079000 -0.137053 1.790000
v -0.050707 -0.139666 1.790000
v -0.025826 -0.132141 1.790000
v -0.021627 -0.118000 1.767500
v -0.030137 -0.105753 1.767500
v -0.051684 -0.099237 1.767500
v -0.076187 -0.101500 1.767500
v -0.092180 -0.111484 1.767500
v -0.092180 -0.124516 1.767500
v -0.076187 -0.134500 1.767500
v -0.051684 -0.136763 1.767500
v -0.030137 -0.130247 1.767500
v -0.037000 -0.118000 1.751029
v -0.041913 -0.110929 1.751029
v -0.054353 -0.107167 1.751029
v -0.068500 -0.108474 1.751029
v -0.077734 -0.114238 1.751029
v -0.077734 -0.121762 1.751029
v -0.068500 -0.127526 1.751029
v -0.054353 -0.128833 1.751029
v -0.041913 -0.125071 1.751029
v -0.058000 -0.118000 1.745000
v -0.058000 -0.118000 1.745000
v -0.058000 -0.118000 1.745000
v -0.058000 -0.118000 1.745000
v -0.058000 -0.118000 1.745000
v -0.058000 -0.118000 1.745000
v -0.058000 -0.118000 1.745000
v -0.058000 -0.118000 1.745000
v -0.058000 -0.118000 1.745000
f 2513 2522 2521
f 2514 2523 2522
f 2515 2524 2523
f 2516 2525 2524
f 2517 2526 2525
f 2518 2527 2526
f 2519 2528 2527
f 2520 2529 2528
f 2512 2521 2529
f 2521 2522 2530
f 2522 2531 2530
f 2522 2523 2531
f 2523 2532 2531
f 2523 2524 2532
f 2524 2533 2532
f 2524 2525 2533
f 2525 2534 2533
f 2525 2526 2534
f 2526 2535 2534
f 2526 2527 2535
f 2527 2536 2535
f 2527 2528 2536
f 2528 2537 2536
f 2528 2529 2537
f 2529 2538 2537
f 2529 2521 2538
f 2521 2530 2538
f 2530 2531 2539
f 2531 2540 2539
f 2531 2532 2540
f 2532 2541 2540
f 2532 2533 2541
f 2533 2542 2541
f 2533 2534 2542
f 2534 2543 2542
f 2534 2535 2543
f 2535 2544 2543
f 2535 2536 2544
f 2536 2545 2544
f 2536 2537 2545
f 2537 2546 2545
f 2537 2538 2546
f 2538 2547 2546
f 2538 2530 2547
f 2530 2539 2547
f 2539 2540 2548
f 2540 2549 2548
f 2540 2541 2549
f 2541 2550 2549
f 2541 2542 2550
f 2542 2551 2550
f 2542 2543 2551
f 2543 2552 2551
f 2543 2544 2552
f 2544 2553 2552
f 2544 2545 2553
f 2545 2554 2553
f 2545 2546 2554
f 2546 2555 2554
f 2546 2547 2555
f 2547 2556 2555
f 2547 2539 2556
f 2539 2548 2556
f 2548 2549 2557
f 2549 2558 2557
f 2549 2550 2558
f 2550 2559 2558
f 2550 2551 2559
f 2551 2560 2559
f 2551 2552 2560
f 2552 2561 2560
f 2552 2553 2561
f 2553 2562 2561
f 2553 2554 2562
f 2554 2563 2562
f 2554 2555 2563
f 2555 2564 2563
f 2555 2556 2564
f 2556 2565 2564
f 2556 2548 2565
f 2548 2557 2565
f 2557 2558 2566
f 2558 2559 2567
f 2559 2560 2568
f 2560 2561 2569
f 2561 2562 2570
f 2562 2563 2571
f 2563 2564 2572
f 2564 2565 2573
f 2565 2557 2574

o fringe_2
usemtl hair
s 1
v -0.015000 -0.122000 1.850000
v -0.015000 -0.122000 1.850000
v -0.015000 -0.122000 1.850000
v -0.015000 -0.122000 1.850000
v -0.015000 -0.122000 1.850000
v -0.015000 -0.122000 1.850000
v -0.015000 -0.122000 1.850000
v -0.015000 -0.122000 1.850000
v -0.015000 -0.122000 1.850000
v 0.006000 -0.122000 1.843971
v 0.001087 -0.114929 1.843971
v -0.011353 -0.111167 1.843971
v -0.025500 -0.112474 1.843971
v -0.034734 -0.118238 1.843971
v -0.034734 -0.125762 1.843971
v -0.025500 -0.131526 1.843971
v -0.011353 -0.132833 1.843971
v 0.001087 -0.129071 1.843971
v 0.021373 -0.122000 1.827500
v 0.012863 -0.109753 1.827500
v -0.008684 -0.103237 1.827500
v -0.033187 -0.105500 1.827500
v -0.049180 -0.115484 1.827500
v -0.049180 -0.128516 1.827500
v -0.033187 -0.138500 1.827500
v -0.008684 -0.140763 1.827500
v 0.012863 -0.134247 1.827500
v 0.027000 -0.122000 1.805000
v 0.017174 -0.107859 1.805000
v -0.007707 -0.100334 1.805000
v -0.036000 -0.102947 1.805000
v -0.054467 -0.114476 1.805000
v -0.054467 -0.129524 1.805000
v -0.036000 -0.141053 1.805000
v -0.007707 -0.143666 1.805000
v 0.017174 -0.136141 1.805000
v 0.021373 -0.122000 1.782500
v 0.012863 -0.109753 1.782500
v -0.008684 -0.103237 1.782500
v -0.033187 -0.105500 1.782500
v -0.049180 -0.115484 1.782500
v -0.049180 -0.128516 1.782500
v -0.033187 -0.138500 1.782500
v -0.008684 -0.140763 1.782500
v 0.012863 -0.134247 1.782500
v 0.006000 -0.122000 1.766029
v 0.001087 -0.114929 1.766029
v -0.011353 -0.111167 1.766029
v -0.025500 -0.112474 1.766029
v -0.034734 -0.118238 1.766029
v -0.034734 -0.125762 1.766029
v -0.025500 -0.131526 1.766029
v -0.011353 -0.132833 1.766029
v 0.001087 -0.129071 1.766029
v -0.015000 -0.122000 1.760000
v -0.015000 -0.122000 1.760000
v -0.015000 -0.122000 1.760000
v -0.015000 -0.122000 1.760000
v -0.015000 -0.122000 1.760000
v -0.015000 -0.122000 1.760000
v -0.015000 -0.122000 1.760000
v -0.015000 -0.122000 1.760000
v -0.015000 -0.122000 1.760000
f 2576 2585 2584
f 2577 2586 2585
f 2578 2587 2586
f 2579 2588 2587
f 2580 2589 2588
f 2581 2590 2589
f 2582 2591 2590
f 2583 2592 2591
f 2575 2584 2592
f 2584 2585 2593
f 2585 2594 2593
f 2585 2586 2594
f 2586 2595 2594
f 2586 2587 2595
f 2587 2596 2595
f 2587 2588 2596
f 2588 2597 2596
f 2588 2589 2597
f 2589 2598 2597
f 2589 2590 2598
f 2590 2599 2598
f 2590 2591 2599
f 2591 2600 2599
f 2591 2592 2600
f 2592 2601 2600
f 2592 2584 2601
f 2584 2593 2601
f 2593 2594 2602
f 2594 2603 2602
f 2594 2595 2603
f 2595 2604 2603
f 2595 2596 2604
f 2596 2605 2604
f 2596 2597 2605
f 2597 2606 2605
f 2597 2598 2606
f 2598 2607 2606
f 2598 2599 2607
f 2599 2608 2607
f 2599 2600 2608
f 2600 2609 2608
f 2600 2601 2609
f 2601 2610 2609
f 2601 2593 2610
f 2593 2602 2610
f 2602 2603 2611
f 2603 2612 2611
f 2603 2604 2612
f 2604 2613 2612
f 2604 2605 2613
f 2605 2614 2613
f 2605 2606 2614
f 2606 2615 2614
f 2606 2607 2615
f 2607 2616 2615
f 2607 2608 2616
f 2608 2617 2616
f 2608 2609 2617
f 2609 2618 2617
f 2609 2610 2618
f 2610 2619 2618
f 2610 2602 2619
f 2602 2611 2619
f 2611 2612 2620
f 2612 2621 2620
f 2612 2613 2621
f 2613 2622 2621
f 2613 2614 2622
f 2614 2623 2622
f 2614 2615 2623
f 2615 2624 2623
f 2615 2616 2624
f 2616 2625 2624
f 2616 2617 2625
f 2617 2626 2625
f 2617 2618 2626
f 2618 2627 2626
f 2618 2619 2627
f 2619 2628 2627
f 2619 2611 2628
f 2611 2620 2628
f 2620 2621 2629
f 2621 2622 2630
f 2622 2623 2631
f 2623 2624 2632
f 2624 2625 2633
f 2625 2626 2634
f 2626 2627 2635
f 2627 2628 2636
f 2628 2620 2637

o fringe_3
usemtl hair
s 1
v 0.035000 -0.118000 1.835000
v 0.035000 -0.118000 1.835000
v 0.035000 -0.118000 1.835000
v 0.035000 -0.118000 1.835000
v 0.035000 -0.118000 1.835000
v 0.035000 -0.118000 1.835000
v 0.035000 -0.118000 1.835000
v 0.035000 -0.118000 1.835000
v 0.035000 -0.118000 1.835000
v 0.056000 -0.118000 1.828971
v 0.051087 -0.110929 1.828971
v 0.038647 -0.107167 1.828971
v 0.024500 -0.108474 1.828971
v 0.015266 -0.114238 1.828971
v 0.015266 -0.121762 1.828971
v 0.024500 -0.127526 1.828971
v 0.038647 -0.128833 1.828971
v 0.051087 -0.125071 1.828971
v 0.071373 -0.118000 1.812500
v 0.062863 -0.105753 1.812500
v 0.041316 -0.099237 1.812500
v 0.016813 -0.101500 1.812500
v 0.000820 -0.111484 1.812500
v 0.000820 -0.124516 1.812500
v 0.016813 -0.134500 1.812500
v 0.041316 -0.136763 1.812500
v 0.062863 -0.130247 1.812500
v 0.077000 -0.118000 1.790000
v 0.067174 -0.103859 1.790000
v 0.042293 -0.096334 1.790000
v 0.014000 -0.098947 1.790000
v -0.004467 -0.110476 1.790000
v -0.004467 -0.125524 1.790000
v 0.014000 -0.137053 1.790000
v 0.042293 -0.139666 1.790000
v 0.067174 -0.132141 1.790000
v 0.071373 -0.118000 1.767500
v 0.062863 -0.105753 1.767500
v 0.041316 -0.099237 1.767500
v 0.016813 -0.101500 1.767500
v 0.000820 -0.111484 1.767500
v 0.000820 -0.124516 1.767500
v 0.016813 -0.134500 1.767500
v 0.041316 -0.136763 1.767500
v 0.062863 -0.130247 1.767500
v 0.056000 -0.118000 1.751029
v 0.051087 -0.110929 1.751029
v 0.038647 -0.107167 1.751029
v 0.024500 -0.108474 1.751029
v 0.015266 -0.114238 1.751029
v 0.015266 -0.121762 1.751029
v 0.024500 -0.127526 1.751029
v 0.038647 -0.128833 1.751029
v 0.051087 -0.125071 1.751029
v 0.035000 -0.118000 1.745000
v 0.035000 -0.118000 1.745000
v 0.035000 -0.118000 1.745000
v 0.035000 -0.118000 1.745000
v 0.035000 -0.118000 1.745000
v 0.035000 -0.118000 1.745000
v 0.035000 -0.118000 1.745000
v 0.035000 -0.118000 1.745000
v 0.035000 -0.118000 1.745000
f 2639 2648 2647
f 2640 2649 2648
f 2641 2650 2649
f 2642 2651 2650
f 2643 2652 2651
f 2644 2653 2652
f 2645 2654 2653
f 2646 2655 2654
f 2638 2647 2655
f 2647 2648 2656
f 2648 2657 2656
f 2648 2649 2657
f 2649 2658 2657
f 2649 2650 2658
f 2650 2659 2658
f 2650 2651 2659
f 2651 2660 2659
f 2651 2652 2660
f 2652 2661 2660
f 2652 2653 2661
f 2653 2662 2661
f 2653 2654 2662
f 2654 2663 2662
f 2654 2655 2663
f 2655 2664 2663
f 2655 2647 2664
f 2647 2656 2664
f 2656 2657 2665
f 2657 2666 2665
f 2657 2658 2666
f 2658 2667 2666
f 2658 2659 2667
f 2659 2668 2667
f 2659 2660 2668
f 2660 2669 2668
f 2660 2661 2669
f 2661 2670 2669
f 2661 2662 2670
f 2662 2671 2670
f 2662 2663 2671
f 2663 2672 2671
f 2663 2664 2672
f 2664 2673 2672
f 2664 2656 2673
f 2656 2665 2673
f 2665 2666 2674
f 2666 2675 2674
f 2666 2667 2675
f 2667 2676 2675
f 2667 2668 2676
f 2668 2677 2676
f 2668 2669 2677
f 2669 2678 2677
f 2669 2670 2678
f 2670 2679 2678
f 2670 2671 2679
f 2671 2680 2679
f 2671 2672 2680
f 2672 2681 2680
f 2672 2673 2681
f 2673 2682 2681
f 2673 2665 2682
f 2665 2674 2682
f 2674 2675 2683
f 2675 2684 2683
f 2675 2676 2684
f 2676 2685 2684
f 2676 2677 2685
f 2677 2686 2685
f 2677 2678 2686
f 2678 2687 2686
f 2678 2679 2687
f 2679 2688 2687
f 2679 2680 2688
f 2680 2689 2688
f 2680 2681 2689
f 2681 2690 2689
f 2681 2682 2690
f 2682 2691 2690
f 2682 2674 2691
f 2674 2683 2691
f 2683 2684 2692
f 2684 2685 2693
f 2685 2686 2694
f 2686 2687 2695
f 2687 2688 2696
f 2688 2689 2697
f 2689 2690 2698
f 2690 2691 2699
f 2691 2683 2700

o fringe_4
usemtl hair
s 1
v 0.085000 -0.106000 1.850000
v 0.085000 -0.106000 1.850000
v 0.085000 -0.106000 1.850000
v 0.085000 -0.106000 1.850000
v 0.085000 -0.106000 1.850000
v 0.085000 -0.106000 1.850000
v 0.085000 -0.106000 1.850000
v 0.085000 -0.106000 1.850000
v 0.085000 -0.106000 1.850000
v 0.106000 -0.106000 1.843971
v 0.101087 -0.098929 1.843971
v 0.088647 -0.095167 1.843971
v 0.074500 -0.096474 1.843971
v 0.065266 -0.102238 1.843971
v 0.065266 -0.109762 1.843971
v 0.074500 -0.115526 1.843971
v 0.088647 -0.116833 1.843971
v 0.101087 -0.113071 1.843971
v 0.121373 -0.106000 1.827500
v 0.112863 -0.093753 1.827500
v 0.091316 -0.087237 1.827500
v 0.066813 -0.089500 1.827500
v 0.050820 -0.099484 1.827500
v 0.050820 -0.112516 1.827500
v 0.066813 -0.122500 1.827500
v 0.091316 -0.124763 1.827500
v 0.112863 -0.118247 1.827500
v 0.127000 -0.106000 1.805000
v 0.117174 -0.091859 1.805000
v 0.092293 -0.084334 1.805000
v 0.064000 -0.086947 1.805000
v 0.045533 -0.098476 1.805000
v 0.045533 -0.113524 1.805000
v 0.064000 -0.125053 1.805000
v 0.092293 -0.127666 1.805000
v 0.117174 -0.120141 1.805000
v 0.121373 -0.106000 1.782500
v 0.112863 -0.093753 1.782500
v 0.091316 -0.087237 1.782500
v 0.066813 -0.089500 1.782500
v 0.050820 -0.099484 1.782500
v 0.050820 -0.112516 1.782500
v 0.066813 -0.122500 1.782500
v 0.091316 -0.124763 1.782500
v 0.112863 -0.118247 1.782500
v 0.106000 -0.106000 1.766029
v 0.101087 -0.098929 1.766029
v 0.088647 -0.095167 1.766029
v 0.074500 -0.096474 1.766029
v 0.065266 -0.102238 1.766029
v 0.065266 -0.109762 1.766029
v 0.074500 -0.115526 1.766029
v 0.088647 -0.116833 1.766029
v 0.101087 -0.113071 1.766029
v 0.085000 -0.106000 1.760000
v 0.085000 -0.106000 1.760000
v 0.085000 -0.106000 1.760000
v 0.085000 -0.106000 1.760000
v 0.085000 -0.106000 1.760000
v 0.085000 -0.106000 1.760000
v 0.085000 -0.106000 1.760000
v 0.085000 -0.106000 1.760000
v 0.085000 -0.106000 1.760000
f 2702 2711 2710
f 2703 2712 2711
f 2704 2713 2712
f 2705 2714 2713
f 2706 2715 2714
f 2707 2716 2715
f 2708 2717 2716
f 2709 2718 2717
f 2701 2710 2718
f 2710 2711 2719
f 2711 2720 2719
f 2711 2712 2720
f 2712 2721 2720
f 2712 2713 2721
f 2713 2722 2721
f 2713 2714 2722
f 2714 2723 2722
f 2714 2715 2723
f 2715 2724 2723
f 2715 2716 2724
f 2716 2725 2724
f 2716 2717 2725
f 2717 2726 2725
f 2717 2718 2726
f 2718 2727 2726
f 2718 2710 2727
f 2710 2719 2727
f 2719 2720 2728
f 2720 2729 2728
f 2720 2721 2729
f 2721 2730 2729
f 2721 2722 2730
f 2722 2731 2730
f 2722 2723 2731
f 2723 2732 2731
f 2723 2724 2732
f 2724 2733 2732
f 2724 2725 2733
f 2725 2734 2733
f 2725 2726 2734
f 2726 2735 2734
f 2726 2727 2735
f 2727 2736 2735
f 2727 2719 2736
f 2719 2728 2736
f 2728 2729 2737
f 2729 2738 2737
f 2729 2730 2738
f 2730 2739 2738
f 2730 2731 2739
f 2731 2740 2739
f 2731 2732 2740
f 2732 2741 2740
f 2732 2733 2741
f 2733 2742 2741
f 2733 2734 2742
f 2734 2743 2742
f 2734 2735 2743
f 2735 2744 2743
f 2735 2736 2744
f 2736 2745 2744
f 2736 2728 2745
f 2728 2737 2745
f 2737 2738 2746
f 2738 2747 2746
f 2738 2739 2747
f 2739 2748 2747
f 2739 2740 2748
f 2740 2749 2748
f 2740 2741 2749
f 2741 2750 2749
f 2741 2742 2750
f 2742 2751 2750
f 2742 2743 2751
f 2743 2752 2751
f 2743 2744 2752
f 2744 2753 2752
f 2744 2745 2753
f 2745 2754 2753
f 2745 2737 2754
f 2737 2746 2754
f 2746 2747 2755
f 2747 2748 2756
f 2748 2749 2757
f 2749 2750 2758
f 2750 2751 2759
f 2751 2752 2760
f 2752 2753 2761
f 2753 2754 2762
f 2754 2746 2763

o drawstring_L
usemtl sole
s 1
v -0.038018 -0.162000 1.379501
v -0.040043 -0.166942 1.379928
v -0.044972 -0.168989 1.380397
v -0.049917 -0.166942 1.380634
v -0.051982 -0.162000 1.380499
v -0.049957 -0.157058 1.380072
v -0.045028 -0.155011 1.379603
v -0.040083 -0.157058 1.379366
v -0.048018 -0.170000 1.239501
v -0.050043 -0.174942 1.239928
v -0.054972 -0.176989 1.240397
v -0.059917 -0.174942 1.240634
v -0.061982 -0.170000 1.240499
v -0.059957 -0.165058 1.240072
v -0.055028 -0.163011 1.239603
v -0.050083 -0.165058 1.239366
v -0.045000 -0.162000 1.380000
v -0.055000 -0.170000 1.240000
f 2764 2765 2772
f 2765 2773 2772
f 2780 2764 2765
f 2781 2773 2772
f 2765 2766 2773
f 2766 2774 2773
f 2780 2765 2766
f 2781 2774 2773
f 2766 2767 2774
f 2767 2775 2774
f 2780 2766 2767
f 2781 2775 2774
f 2767 2768 2775
f 2768 2776 2775
f 2780 2767 2768
f 2781 2776 2775
f 2768 2769 2776
f 2769 2777 2776
f 2780 2768 2769
f 2781 2777 2776
f 2769 2770 2777
f 2770 2778 2777
f 2780 2769 2770
f 2781 2778 2777
f 2770 2771 2778
f 2771 2779 2778
f 2780 2770 2771
f 2781 2779 2778
f 2771 2764 2779
f 2764 2772 2779
f 2780 2771 2764
f 2781 2772 2779

o drawstring_R
usemtl sole
s 1
v 0.051982 -0.162000 1.380499
v 0.049917 -0.166942 1.380634
v 0.044972 -0.168989 1.380397
v 0.040043 -0.166942 1.379928
v 0.038018 -0.162000 1.379501
v 0.040083 -0.157058 1.379366
v 0.045028 -0.155011 1.379603
v 0.049957 -0.157058 1.380072
v 0.061982 -0.170000 1.240499
v 0.059917 -0.174942 1.240634
v 0.054972 -0.176989 1.240397
v 0.050043 -0.174942 1.239928
v 0.048018 -0.170000 1.239501
v 0.050083 -0.165058 1.239366
v 0.055028 -0.163011 1.239603
v 0.059957 -0.165058 1.240072
v 0.045000 -0.162000 1.380000
v 0.055000 -0.170000 1.240000
f 2782 2783 2790
f 2783 2791 2790
f 2798 2782 2783
f 2799 2791 2790
f 2783 2784 2791
f 2784 2792 2791
f 2798 2783 2784
f 2799 2792 2791
f 2784 2785 2792
f 2785 2793 2792
f 2798 2784 2785
f 2799 2793 2792
f 2785 2786 2793
f 2786 2794 2793
f 2798 2785 2786
f 2799 2794 2793
f 2786 2787 2794
f 2787 2795 2794
f 2798 2786 2787
f 2799 2795 2794
f 2787 2788 2795
f 2788 2796 2795
f 2798 2787 2788
f 2799 2796 2795
f 2788 2789 2796
f 2789 2797 2796
f 2798 2788 2789
f 2799 2797 2796
f 2789 2782 2797
f 2782 2790 2797
f 2798 2789 2782
f 2799 2790 2797

o pocket
usemtl hoodie_dark
s 1
v 0.000000 -0.151000 1.215000
v 0.000000 -0.151000 1.215000
v 0.000000 -0.151000 1.215000
v 0.000000 -0.151000 1.215000
v 0.000000 -0.151000 1.215000
v 0.000000 -0.151000 1.215000
v 0.000000 -0.151000 1.215000
v 0.000000 -0.151000 1.215000
v 0.000000 -0.151000 1.215000
v 0.000000 -0.151000 1.215000
v 0.000000 -0.151000 1.215000
v 0.000000 -0.151000 1.215000
v 0.000000 -0.151000 1.215000
v 0.000000 -0.151000 1.215000
v 0.060744 -0.151000 1.208068
v 0.054728 -0.148176 1.208068
v 0.037873 -0.145912 1.208068
v 0.013517 -0.144655 1.208068
v -0.013517 -0.144655 1.208068
v -0.037873 -0.145912 1.208068
v -0.054728 -0.148176 1.208068
v -0.060744 -0.151000 1.208068
v -0.054728 -0.153824 1.208068
v -0.037873 -0.156088 1.208068
v -0.013517 -0.157345 1.208068
v 0.013517 -0.157345 1.208068
v 0.037873 -0.156088 1.208068
v 0.054728 -0.153824 1.208068
v 0.109456 -0.151000 1.188644
v 0.098617 -0.145912 1.188644
v 0.068245 -0.141831 1.188644
v 0.024356 -0.139567 1.188644
v -0.024356 -0.139567 1.188644
v -0.068245 -0.141831 1.188644
v -0.098617 -0.145912 1.188644
v -0.109456 -0.151000 1.188644
v -0.098617 -0.156088 1.188644
v -0.068245 -0.160169 1.188644
v -0.024356 -0.162433 1.188644
v 0.024356 -0.162433 1.188644
v 0.068245 -0.160169 1.188644
v 0.098617 -0.156088 1.188644
v 0.136490 -0.151000 1.160576
v 0.122973 -0.144655 1.160576
v 0.085100 -0.139567 1.160576
v 0.030372 -0.136743 1.160576
v -0.030372 -0.136743 1.160576
v -0.085100 -0.139567 1.160576
v -0.122973 -0.144655 1.160576
v -0.136490 -0.151000 1.160576
v -0.122973 -0.157345 1.160576
v -0.085100 -0.162433 1.160576
v -0.030372 -0.165257 1.160576
v 0.030372 -0.165257 1.160576
v 0.085100 -0.162433 1.160576
v 0.122973 -0.157345 1.160576
v 0.136490 -0.151000 1.129424
v 0.122973 -0.144655 1.129424
v 0.085100 -0.139567 1.129424
v 0.030372 -0.136743 1.129424
v -0.030372 -0.136743 1.129424
v -0.085100 -0.139567 1.129424
v -0.122973 -0.144655 1.129424
v -0.136490 -0.151000 1.129424
v -0.122973 -0.157345 1.129424
v -0.085100 -0.162433 1.129424
v -0.030372 -0.165257 1.129424
v 0.030372 -0.165257 1.129424
v 0.085100 -0.162433 1.129424
v 0.122973 -0.157345 1.129424
v 0.109456 -0.151000 1.101356
v 0.098617 -0.145912 1.101356
v 0.068245 -0.141831 1.101356
v 0.024356 -0.139567 1.101356
v -0.024356 -0.139567 1.101356
v -0.068245 -0.141831 1.101356
v -0.098617 -0.145912 1.101356
v -0.109456 -0.151000 1.101356
v -0.098617 -0.156088 1.101356
v -0.068245 -0.160169 1.101356
v -0.024356 -0.162433 1.101356
v 0.024356 -0.162433 1.101356
v 0.068245 -0.160169 1.101356
v 0.098617 -0.156088 1.101356
v 0.060744 -0.151000 1.081932
v 0.054728 -0.148176 1.081932
v 0.037873 -0.145912 1.081932
v 0.013517 -0.144655 1.081932
v -0.013517 -0.144655 1.081932
v -0.037873 -0.145912 1.081932
v -0.054728 -0.148176 1.081932
v -0.060744 -0.151000 1.081932
v -0.054728 -0.153824 1.081932
v -0.037873 -0.156088 1.081932
v -0.013517 -0.157345 1.081932
v 0.013517 -0.157345 1.081932
v 0.037873 -0.156088 1.081932
v 0.054728 -0.153824 1.081932
v 0.000000 -0.151000 1.075000
v 0.000000 -0.151000 1.075000
v 0.000000 -0.151000 1.075000
v 0.000000 -0.151000 1.075000
v -0.000000 -0.151000 1.075000
v -0.000000 -0.151000 1.075000
v -0.000000 -0.151000 1.075000
v -0.000000 -0.151000 1.075000
v -0.000000 -0.151000 1.075000
v -0.000000 -0.151000 1.075000
v -0.000000 -0.151000 1.075000
v 0.000000 -0.151000 1.075000
v 0.000000 -0.151000 1.075000
v 0.000000 -0.151000 1.075000
f 2801 2815 2814
f 2802 2816 2815
f 2803 2817 2816
f 2804 2818 2817
f 2805 2819 2818
f 2806 2820 2819
f 2807 2821 2820
f 2808 2822 2821
f 2809 2823 2822
f 2810 2824 2823
f 2811 2825 2824
f 2812 2826 2825
f 2813 2827 2826
f 2800 2814 2827
f 2814 2815 2828
f 2815 2829 2828
f 2815 2816 2829
f 2816 2830 2829
f 2816 2817 2830
f 2817 2831 2830
f 2817 2818 2831
f 2818 2832 2831
f 2818 2819 2832
f 2819 2833 2832
f 2819 2820 2833
f 2820 2834 2833
f 2820 2821 2834
f 2821 2835 2834
f 2821 2822 2835
f 2822 2836 2835
f 2822 2823 2836
f 2823 2837 2836
f 2823 2824 2837
f 2824 2838 2837
f 2824 2825 2838
f 2825 2839 2838
f 2825 2826 2839
f 2826 2840 2839
f 2826 2827 2840
f 2827 2841 2840
f 2827 2814 2841
f 2814 2828 2841
f 2828 2829 2842
f 2829 2843 2842
f 2829 2830 2843
f 2830 2844 2843
f 2830 2831 2844
f 2831 2845 2844
f 2831 2832 2845
f 2832 2846 2845
f 2832 2833 2846
f 2833 2847 2846
f 2833 2834 2847
f 2834 2848 2847
f 2834 2835 2848
f 2835 2849 2848
f 2835 2836 2849
f 2836 2850 2849
f 2836 2837 2850
f 2837 2851 2850
f 2837 2838 2851
f 2838 2852 2851
f 2838 2839 2852
f 2839 2853 2852
f 2839 2840 2853
f 2840 2854 2853
f 2840 2841 2854
f 2841 2855 2854
f 2841 2828 2855
f 2828 2842 2855
f 2842 2843 2856
f 2843 2857 2856
f 2843 2844 2857
f 2844 2858 2857
f 2844 2845 2858
f 2845 2859 2858
f 2845 2846 2859
f 2846 2860 2859
f 2846 2847 2860
f 2847 2861 2860
f 2847 2848 2861
f 2848 2862 2861
f 2848 2849 2862
f 2849 2863 2862
f 2849 2850 2863
f 2850 2864 2863
f 2850 2851 2864
f 2851 2865 2864
f 2851 2852 2865
f 2852 2866 2865
f 2852 2853 2866
f 2853 2867 2866
f 2853 2854 2867
f 2854 2868 2867
f 2854 2855 2868
f 2855 2869 2868
f 2855 2842 2869
f 2842 2856 2869
f 2856 2857 2870
f 2857 2871 2870
f 2857 2858 2871
f 2858 2872 2871
f 2858 2859 2872
f 2859 2873 2872
f 2859 2860 2873
f 2860 2874 2873
f 2860 2861 2874
f 2861 2875 2874
f 2861 2862 2875
f 2862 2876 2875
f 2862 2863 2876
f 2863 2877 2876
f 2863 2864 2877
f 2864 2878 2877
f 2864 2865 2878
f 2865 2879 2878
f 2865 2866 2879
f 2866 2880 2879
f 2866 2867 2880
f 2867 2881 2880
f 2867 2868 2881
f 2868 2882 2881
f 2868 2869 2882
f 2869 2883 2882
f 2869 2856 2883
f 2856 2870 2883
f 2870 2871 2884
f 2871 2885 2884
f 2871 2872 2885
f 2872 2886 2885
f 2872 2873 2886
f 2873 2887 2886
f 2873 2874 2887
f 2874 2888 2887
f 2874 2875 2888
f 2875 2889 2888
f 2875 2876 2889
f 2876 2890 2889
f 2876 2877 2890
f 2877 2891 2890
f 2877 2878 2891
f 2878 2892 2891
f 2878 2879 2892
f 2879 2893 2892
f 2879 2880 2893
f 2880 2894 2893
f 2880 2881 2894
f 2881 2895 2894
f 2881 2882 2895
f 2882 2896 2895
f 2882 2883 2896
f 2883 2897 2896
f 2883 2870 2897
f 2870 2884 2897
f 2884 2885 2898
f 2885 2886 2899
f 2886 2887 2900
f 2887 2888 2901
f 2888 2889 2902
f 2889 2890 2903
f 2890 2891 2904
f 2891 2892 2905
f 2892 2893 2906
f 2893 2894 2907
f 2894 2895 2908
f 2895 2896 2909
f 2896 2897 2910
f 2897 2884 2911
